alpha,attack,defense,source,cfg,seed,exp,epoch,test_acc,test_acc_pct,test_loss,path
1,ALIE,CARAT,final_locked_protocol,FedAvg_CIFAR100_Resnet18_protocol,42,0,199,0.521800,52.1800,0.027100,/home/cnlab-pu/Projects/Poisoning_Resilient_Federated_Learning_Playground/FedAvg/CIFAR100_resnet18/non-iid/CIFAR100_resnet18_non-iid_ALIE_CARAT_200_20_0.05_FedAvg_adv0.2_seed42_alpha1_cfgFedAvg_CIFAR100_Resnet18_protocol_exp0.txt
1,ALIE,CARAT,final_locked_protocol,FedAvg_CIFAR100_Resnet18_protocol,43,1,199,0.493200,49.3200,0.029000,/home/cnlab-pu/Projects/Poisoning_Resilient_Federated_Learning_Playground/FedAvg/CIFAR100_resnet18/non-iid/CIFAR100_resnet18_non-iid_ALIE_CARAT_200_20_0.05_FedAvg_adv0.2_seed43_alpha1_cfgFedAvg_CIFAR100_Resnet18_protocol_exp1.txt
1,ALIE,CARAT,final_locked_protocol,FedAvg_CIFAR100_Resnet18_protocol,44,2,199,0.524900,52.4900,0.027500,/home/cnlab-pu/Projects/Poisoning_Resilient_Federated_Learning_Playground/FedAvg/CIFAR100_resnet18/non-iid/CIFAR100_resnet18_non-iid_ALIE_CARAT_200_20_0.05_FedAvg_adv0.2_seed44_alpha1_cfgFedAvg_CIFAR100_Resnet18_protocol_exp2.txt
1,ALIE,FLDetector,legacy_public_baseline,FedAvg_CIFAR100_config,42,0,199,0.480000,48.0000,0.030200,/home/cnlab-pu/Projects/Poisoning_Resilient_Federated_Learning_Playground/FedAvg/CIFAR100_resnet18/non-iid/CIFAR100_resnet18_non-iid_ALIE_FLDetector_200_20_0.05_FedAvg_adv0.2_seed42_alpha1_cfgFedAvg_CIFAR100_config_exp0.txt
1,ALIE,FLDetector,legacy_public_baseline,FedAvg_CIFAR100_config,43,1,199,0.484900,48.4900,0.030000,/home/cnlab-pu/Projects/Poisoning_Resilient_Federated_Learning_Playground/FedAvg/CIFAR100_resnet18/non-iid/CIFAR100_resnet18_non-iid_ALIE_FLDetector_200_20_0.05_FedAvg_adv0.2_seed43_alpha1_cfgFedAvg_CIFAR100_config_exp1.txt
1,ALIE,FLDetector,legacy_public_baseline,FedAvg_CIFAR100_config,44,2,199,0.485600,48.5600,0.030300,/home/cnlab-pu/Projects/Poisoning_Resilient_Federated_Learning_Playground/FedAvg/CIFAR100_resnet18/non-iid/CIFAR100_resnet18_non-iid_ALIE_FLDetector_200_20_0.05_FedAvg_adv0.2_seed44_alpha1_cfgFedAvg_CIFAR100_config_exp2.txt
1,ALIE,FLDetector,legacy_public_baseline,FedAvg_CIFAR100_config,45,3,199,0.474600,47.4600,0.030900,/home/cnlab-pu/Projects/Poisoning_Resilient_Federated_Learning_Playground/FedAvg/CIFAR100_resnet18/non-iid/CIFAR100_resnet18_non-iid_ALIE_FLDetector_200_20_0.05_FedAvg_adv0.2_seed45_alpha1_cfgFedAvg_CIFAR100_config_exp3.txt
1,ALIE,FLDetector,legacy_public_baseline,FedAvg_CIFAR100_config,46,4,199,0.472700,47.2700,0.030900,/home/cnlab-pu/Projects/Poisoning_Resilient_Federated_Learning_Playground/FedAvg/CIFAR100_resnet18/non-iid/CIFAR100_resnet18_non-iid_ALIE_FLDetector_200_20_0.05_FedAvg_adv0.2_seed46_alpha1_cfgFedAvg_CIFAR100_config_exp4.txt
1,ALIE,FLTrust,final_locked_protocol,FedAvg_CIFAR100_Resnet18_protocol,42,0,199,0.410900,41.0900,0.034700,/home/cnlab-pu/Projects/Poisoning_Resilient_Federated_Learning_Playground/FedAvg/CIFAR100_resnet18/non-iid/CIFAR100_resnet18_non-iid_ALIE_FLTrust_200_20_0.05_FedAvg_adv0.2_seed42_alpha1_cfgFedAvg_CIFAR100_Resnet18_protocol_exp0.txt
1,ALIE,FLTrust,final_locked_protocol,FedAvg_CIFAR100_Resnet18_protocol,43,1,199,0.373600,37.3600,0.037800,/home/cnlab-pu/Projects/Poisoning_Resilient_Federated_Learning_Playground/FedAvg/CIFAR100_resnet18/non-iid/CIFAR100_resnet18_non-iid_ALIE_FLTrust_200_20_0.05_FedAvg_adv0.2_seed43_alpha1_cfgFedAvg_CIFAR100_Resnet18_protocol_exp1.txt
1,ALIE,FLTrust,final_locked_protocol,FedAvg_CIFAR100_Resnet18_protocol,44,2,199,0.390700,39.0700,0.036300,/home/cnlab-pu/Projects/Poisoning_Resilient_Federated_Learning_Playground/FedAvg/CIFAR100_resnet18/non-iid/CIFAR100_resnet18_non-iid_ALIE_FLTrust_200_20_0.05_FedAvg_adv0.2_seed44_alpha1_cfgFedAvg_CIFAR100_Resnet18_protocol_exp2.txt
1,ALIE,Mean,legacy_public_baseline,FedAvg_CIFAR100_config,42,0,199,0.494500,49.4500,0.029000,/home/cnlab-pu/Projects/Poisoning_Resilient_Federated_Learning_Playground/FedAvg/CIFAR100_resnet18/non-iid/CIFAR100_resnet18_non-iid_ALIE_Mean_200_20_0.05_FedAvg_adv0.2_seed42_alpha1_cfgFedAvg_CIFAR100_config_exp0.txt
1,ALIE,Mean,legacy_public_baseline,FedAvg_CIFAR100_config,43,1,199,0.496800,49.6800,0.028900,/home/cnlab-pu/Projects/Poisoning_Resilient_Federated_Learning_Playground/FedAvg/CIFAR100_resnet18/non-iid/CIFAR100_resnet18_non-iid_ALIE_Mean_200_20_0.05_FedAvg_adv0.2_seed43_alpha1_cfgFedAvg_CIFAR100_config_exp1.txt
1,ALIE,Mean,legacy_public_baseline,FedAvg_CIFAR100_config,44,2,199,0.496800,49.6800,0.029100,/home/cnlab-pu/Projects/Poisoning_Resilient_Federated_Learning_Playground/FedAvg/CIFAR100_resnet18/non-iid/CIFAR100_resnet18_non-iid_ALIE_Mean_200_20_0.05_FedAvg_adv0.2_seed44_alpha1_cfgFedAvg_CIFAR100_config_exp2.txt
1,ALIE,Mean,legacy_public_baseline,FedAvg_CIFAR100_config,45,3,199,0.487500,48.7500,0.029800,/home/cnlab-pu/Projects/Poisoning_Resilient_Federated_Learning_Playground/FedAvg/CIFAR100_resnet18/non-iid/CIFAR100_resnet18_non-iid_ALIE_Mean_200_20_0.05_FedAvg_adv0.2_seed45_alpha1_cfgFedAvg_CIFAR100_config_exp3.txt
1,ALIE,Mean,legacy_public_baseline,FedAvg_CIFAR100_config,46,4,199,0.495700,49.5700,0.029000,/home/cnlab-pu/Projects/Poisoning_Resilient_Federated_Learning_Playground/FedAvg/CIFAR100_resnet18/non-iid/CIFAR100_resnet18_non-iid_ALIE_Mean_200_20_0.05_FedAvg_adv0.2_seed46_alpha1_cfgFedAvg_CIFAR100_config_exp4.txt
1,ALIE,MultiKrum,legacy_public_baseline,FedAvg_CIFAR100_config,42,0,199,0.400700,40.0700,0.035900,/home/cnlab-pu/Projects/Poisoning_Resilient_Federated_Learning_Playground/FedAvg/CIFAR100_resnet18/non-iid/CIFAR100_resnet18_non-iid_ALIE_MultiKrum_200_20_0.05_FedAvg_adv0.2_seed42_alpha1_cfgFedAvg_CIFAR100_config_exp0.txt
1,ALIE,MultiKrum,legacy_public_baseline,FedAvg_CIFAR100_config,43,1,199,0.397600,39.7600,0.035800,/home/cnlab-pu/Projects/Poisoning_Resilient_Federated_Learning_Playground/FedAvg/CIFAR100_resnet18/non-iid/CIFAR100_resnet18_non-iid_ALIE_MultiKrum_200_20_0.05_FedAvg_adv0.2_seed43_alpha1_cfgFedAvg_CIFAR100_config_exp1.txt
1,ALIE,MultiKrum,legacy_public_baseline,FedAvg_CIFAR100_config,44,2,199,0.403400,40.3400,0.035600,/home/cnlab-pu/Projects/Poisoning_Resilient_Federated_Learning_Playground/FedAvg/CIFAR100_resnet18/non-iid/CIFAR100_resnet18_non-iid_ALIE_MultiKrum_200_20_0.05_FedAvg_adv0.2_seed44_alpha1_cfgFedAvg_CIFAR100_config_exp2.txt
1,ALIE,MultiKrum,legacy_public_baseline,FedAvg_CIFAR100_config,45,3,199,0.384400,38.4400,0.037100,/home/cnlab-pu/Projects/Poisoning_Resilient_Federated_Learning_Playground/FedAvg/CIFAR100_resnet18/non-iid/CIFAR100_resnet18_non-iid_ALIE_MultiKrum_200_20_0.05_FedAvg_adv0.2_seed45_alpha1_cfgFedAvg_CIFAR100_config_exp3.txt
1,ALIE,MultiKrum,legacy_public_baseline,FedAvg_CIFAR100_config,46,4,199,0.393300,39.3300,0.036200,/home/cnlab-pu/Projects/Poisoning_Resilient_Federated_Learning_Playground/FedAvg/CIFAR100_resnet18/non-iid/CIFAR100_resnet18_non-iid_ALIE_MultiKrum_200_20_0.05_FedAvg_adv0.2_seed46_alpha1_cfgFedAvg_CIFAR100_config_exp4.txt
1,ALIE,NormClipping,legacy_public_baseline,FedAvg_CIFAR100_config,42,0,199,0.257600,25.7600,0.047200,/home/cnlab-pu/Projects/Poisoning_Resilient_Federated_Learning_Playground/FedAvg/CIFAR100_resnet18/non-iid/CIFAR100_resnet18_non-iid_ALIE_NormClipping_200_20_0.05_FedAvg_adv0.2_seed42_alpha1_cfgFedAvg_CIFAR100_config_exp0.txt
1,ALIE,NormClipping,legacy_public_baseline,FedAvg_CIFAR100_config,43,1,199,0.250600,25.0600,0.047300,/home/cnlab-pu/Projects/Poisoning_Resilient_Federated_Learning_Playground/FedAvg/CIFAR100_resnet18/non-iid/CIFAR100_resnet18_non-iid_ALIE_NormClipping_200_20_0.05_FedAvg_adv0.2_seed43_alpha1_cfgFedAvg_CIFAR100_config_exp1.txt
1,ALIE,NormClipping,legacy_public_baseline,FedAvg_CIFAR100_config,44,2,199,0.260700,26.0700,0.047200,/home/cnlab-pu/Projects/Poisoning_Resilient_Federated_Learning_Playground/FedAvg/CIFAR100_resnet18/non-iid/CIFAR100_resnet18_non-iid_ALIE_NormClipping_200_20_0.05_FedAvg_adv0.2_seed44_alpha1_cfgFedAvg_CIFAR100_config_exp2.txt
1,ALIE,NormClipping,legacy_public_baseline,FedAvg_CIFAR100_config,45,3,199,0.251800,25.1800,0.048100,/home/cnlab-pu/Projects/Poisoning_Resilient_Federated_Learning_Playground/FedAvg/CIFAR100_resnet18/non-iid/CIFAR100_resnet18_non-iid_ALIE_NormClipping_200_20_0.05_FedAvg_adv0.2_seed45_alpha1_cfgFedAvg_CIFAR100_config_exp3.txt
1,ALIE,NormClipping,legacy_public_baseline,FedAvg_CIFAR100_config,46,4,199,0.242700,24.2700,0.048300,/home/cnlab-pu/Projects/Poisoning_Resilient_Federated_Learning_Playground/FedAvg/CIFAR100_resnet18/non-iid/CIFAR100_resnet18_non-iid_ALIE_NormClipping_200_20_0.05_FedAvg_adv0.2_seed46_alpha1_cfgFedAvg_CIFAR100_config_exp4.txt
1,ALIE,TrimmedMean,final_locked_protocol,FedAvg_CIFAR100_Resnet18_protocol,42,0,199,0.541400,54.1400,0.026300,/home/cnlab-pu/Projects/Poisoning_Resilient_Federated_Learning_Playground/FedAvg/CIFAR100_resnet18/non-iid/CIFAR100_resnet18_non-iid_ALIE_TrimmedMean_200_20_0.05_FedAvg_adv0.2_seed42_alpha1_cfgFedAvg_CIFAR100_Resnet18_protocol_exp0.txt
1,ALIE,TrimmedMean,final_locked_protocol,FedAvg_CIFAR100_Resnet18_protocol,43,1,199,0.548100,54.8100,0.025800,/home/cnlab-pu/Projects/Poisoning_Resilient_Federated_Learning_Playground/FedAvg/CIFAR100_resnet18/non-iid/CIFAR100_resnet18_non-iid_ALIE_TrimmedMean_200_20_0.05_FedAvg_adv0.2_seed43_alpha1_cfgFedAvg_CIFAR100_Resnet18_protocol_exp1.txt
1,ALIE,TrimmedMean,final_locked_protocol,FedAvg_CIFAR100_Resnet18_protocol,44,2,199,0.542900,54.2900,0.026700,/home/cnlab-pu/Projects/Poisoning_Resilient_Federated_Learning_Playground/FedAvg/CIFAR100_resnet18/non-iid/CIFAR100_resnet18_non-iid_ALIE_TrimmedMean_200_20_0.05_FedAvg_adv0.2_seed44_alpha1_cfgFedAvg_CIFAR100_Resnet18_protocol_exp2.txt
1,FangAttack,CARAT,final_locked_protocol,FedAvg_CIFAR100_Resnet18_protocol,42,0,199,0.543400,54.3400,0.025900,/home/cnlab-pu/Projects/Poisoning_Resilient_Federated_Learning_Playground/FedAvg/CIFAR100_resnet18/non-iid/CIFAR100_resnet18_non-iid_FangAttack_CARAT_200_20_0.05_FedAvg_adv0.2_seed42_alpha1_cfgFedAvg_CIFAR100_Resnet18_protocol_exp0.txt
1,FangAttack,CARAT,final_locked_protocol,FedAvg_CIFAR100_Resnet18_protocol,43,1,199,0.530200,53.0200,0.026200,/home/cnlab-pu/Projects/Poisoning_Resilient_Federated_Learning_Playground/FedAvg/CIFAR100_resnet18/non-iid/CIFAR100_resnet18_non-iid_FangAttack_CARAT_200_20_0.05_FedAvg_adv0.2_seed43_alpha1_cfgFedAvg_CIFAR100_Resnet18_protocol_exp1.txt
1,FangAttack,CARAT,final_locked_protocol,FedAvg_CIFAR100_Resnet18_protocol,44,2,199,0.555700,55.5700,0.024700,/home/cnlab-pu/Projects/Poisoning_Resilient_Federated_Learning_Playground/FedAvg/CIFAR100_resnet18/non-iid/CIFAR100_resnet18_non-iid_FangAttack_CARAT_200_20_0.05_FedAvg_adv0.2_seed44_alpha1_cfgFedAvg_CIFAR100_Resnet18_protocol_exp2.txt
1,FangAttack,FLDetector,legacy_public_baseline,FedAvg_CIFAR100_config,42,0,199,0.309000,30.9000,0.043300,/home/cnlab-pu/Projects/Poisoning_Resilient_Federated_Learning_Playground/FedAvg/CIFAR100_resnet18/non-iid/CIFAR100_resnet18_non-iid_FangAttack_FLDetector_200_20_0.05_FedAvg_adv0.2_seed42_alpha1_cfgFedAvg_CIFAR100_config_exp0.txt
1,FangAttack,FLDetector,legacy_public_baseline,FedAvg_CIFAR100_config,43,1,199,0.317800,31.7800,0.042700,/home/cnlab-pu/Projects/Poisoning_Resilient_Federated_Learning_Playground/FedAvg/CIFAR100_resnet18/non-iid/CIFAR100_resnet18_non-iid_FangAttack_FLDetector_200_20_0.05_FedAvg_adv0.2_seed43_alpha1_cfgFedAvg_CIFAR100_config_exp1.txt
1,FangAttack,FLDetector,legacy_public_baseline,FedAvg_CIFAR100_config,44,2,199,0.208200,20.8200,0.051100,/home/cnlab-pu/Projects/Poisoning_Resilient_Federated_Learning_Playground/FedAvg/CIFAR100_resnet18/non-iid/CIFAR100_resnet18_non-iid_FangAttack_FLDetector_200_20_0.05_FedAvg_adv0.2_seed44_alpha1_cfgFedAvg_CIFAR100_config_exp2.txt
1,FangAttack,FLDetector,legacy_public_baseline,FedAvg_CIFAR100_config,45,3,199,0.299500,29.9500,0.043600,/home/cnlab-pu/Projects/Poisoning_Resilient_Federated_Learning_Playground/FedAvg/CIFAR100_resnet18/non-iid/CIFAR100_resnet18_non-iid_FangAttack_FLDetector_200_20_0.05_FedAvg_adv0.2_seed45_alpha1_cfgFedAvg_CIFAR100_config_exp3.txt
1,FangAttack,FLDetector,legacy_public_baseline,FedAvg_CIFAR100_config,46,4,199,0.292300,29.2300,0.044100,/home/cnlab-pu/Projects/Poisoning_Resilient_Federated_Learning_Playground/FedAvg/CIFAR100_resnet18/non-iid/CIFAR100_resnet18_non-iid_FangAttack_FLDetector_200_20_0.05_FedAvg_adv0.2_seed46_alpha1_cfgFedAvg_CIFAR100_config_exp4.txt
1,FangAttack,FLTrust,final_locked_protocol,FedAvg_CIFAR100_Resnet18_protocol,42,0,199,0.395600,39.5600,0.036100,/home/cnlab-pu/Projects/Poisoning_Resilient_Federated_Learning_Playground/FedAvg/CIFAR100_resnet18/non-iid/CIFAR100_resnet18_non-iid_FangAttack_FLTrust_200_20_0.05_FedAvg_adv0.2_seed42_alpha1_cfgFedAvg_CIFAR100_Resnet18_protocol_exp0.txt
1,FangAttack,FLTrust,final_locked_protocol,FedAvg_CIFAR100_Resnet18_protocol,43,1,199,0.357300,35.7300,0.039100,/home/cnlab-pu/Projects/Poisoning_Resilient_Federated_Learning_Playground/FedAvg/CIFAR100_resnet18/non-iid/CIFAR100_resnet18_non-iid_FangAttack_FLTrust_200_20_0.05_FedAvg_adv0.2_seed43_alpha1_cfgFedAvg_CIFAR100_Resnet18_protocol_exp1.txt
1,FangAttack,FLTrust,final_locked_protocol,FedAvg_CIFAR100_Resnet18_protocol,44,2,199,0.377600,37.7600,0.037400,/home/cnlab-pu/Projects/Poisoning_Resilient_Federated_Learning_Playground/FedAvg/CIFAR100_resnet18/non-iid/CIFAR100_resnet18_non-iid_FangAttack_FLTrust_200_20_0.05_FedAvg_adv0.2_seed44_alpha1_cfgFedAvg_CIFAR100_Resnet18_protocol_exp2.txt
1,FangAttack,Mean,legacy_public_baseline,FedAvg_CIFAR100_config,42,0,199,0.491900,49.1900,0.029200,/home/cnlab-pu/Projects/Poisoning_Resilient_Federated_Learning_Playground/FedAvg/CIFAR100_resnet18/non-iid/CIFAR100_resnet18_non-iid_FangAttack_Mean_200_20_0.05_FedAvg_adv0.2_seed42_alpha1_cfgFedAvg_CIFAR100_config_exp0.txt
1,FangAttack,Mean,legacy_public_baseline,FedAvg_CIFAR100_config,43,1,199,0.494100,49.4100,0.029200,/home/cnlab-pu/Projects/Poisoning_Resilient_Federated_Learning_Playground/FedAvg/CIFAR100_resnet18/non-iid/CIFAR100_resnet18_non-iid_FangAttack_Mean_200_20_0.05_FedAvg_adv0.2_seed43_alpha1_cfgFedAvg_CIFAR100_config_exp1.txt
1,FangAttack,Mean,legacy_public_baseline,FedAvg_CIFAR100_config,44,2,199,0.494800,49.4800,0.028900,/home/cnlab-pu/Projects/Poisoning_Resilient_Federated_Learning_Playground/FedAvg/CIFAR100_resnet18/non-iid/CIFAR100_resnet18_non-iid_FangAttack_Mean_200_20_0.05_FedAvg_adv0.2_seed44_alpha1_cfgFedAvg_CIFAR100_config_exp2.txt
1,FangAttack,Mean,legacy_public_baseline,FedAvg_CIFAR100_config,45,3,199,0.479800,47.9800,0.029900,/home/cnlab-pu/Projects/Poisoning_Resilient_Federated_Learning_Playground/FedAvg/CIFAR100_resnet18/non-iid/CIFAR100_resnet18_non-iid_FangAttack_Mean_200_20_0.05_FedAvg_adv0.2_seed45_alpha1_cfgFedAvg_CIFAR100_config_exp3.txt
1,FangAttack,Mean,legacy_public_baseline,FedAvg_CIFAR100_config,46,4,199,0.482200,48.2200,0.029700,/home/cnlab-pu/Projects/Poisoning_Resilient_Federated_Learning_Playground/FedAvg/CIFAR100_resnet18/non-iid/CIFAR100_resnet18_non-iid_FangAttack_Mean_200_20_0.05_FedAvg_adv0.2_seed46_alpha1_cfgFedAvg_CIFAR100_config_exp4.txt
1,FangAttack,MultiKrum,legacy_public_baseline,FedAvg_CIFAR100_config,42,0,199,0.370700,37.0700,0.037900,/home/cnlab-pu/Projects/Poisoning_Resilient_Federated_Learning_Playground/FedAvg/CIFAR100_resnet18/non-iid/CIFAR100_resnet18_non-iid_FangAttack_MultiKrum_200_20_0.05_FedAvg_adv0.2_seed42_alpha1_cfgFedAvg_CIFAR100_config_exp0.txt
1,FangAttack,MultiKrum,legacy_public_baseline,FedAvg_CIFAR100_config,43,1,199,0.367900,36.7900,0.037800,/home/cnlab-pu/Projects/Poisoning_Resilient_Federated_Learning_Playground/FedAvg/CIFAR100_resnet18/non-iid/CIFAR100_resnet18_non-iid_FangAttack_MultiKrum_200_20_0.05_FedAvg_adv0.2_seed43_alpha1_cfgFedAvg_CIFAR100_config_exp1.txt
1,FangAttack,MultiKrum,legacy_public_baseline,FedAvg_CIFAR100_config,44,2,199,0.380600,38.0600,0.037200,/home/cnlab-pu/Projects/Poisoning_Resilient_Federated_Learning_Playground/FedAvg/CIFAR100_resnet18/non-iid/CIFAR100_resnet18_non-iid_FangAttack_MultiKrum_200_20_0.05_FedAvg_adv0.2_seed44_alpha1_cfgFedAvg_CIFAR100_config_exp2.txt
1,FangAttack,MultiKrum,legacy_public_baseline,FedAvg_CIFAR100_config,45,3,199,0.360500,36.0500,0.038500,/home/cnlab-pu/Projects/Poisoning_Resilient_Federated_Learning_Playground/FedAvg/CIFAR100_resnet18/non-iid/CIFAR100_resnet18_non-iid_FangAttack_MultiKrum_200_20_0.05_FedAvg_adv0.2_seed45_alpha1_cfgFedAvg_CIFAR100_config_exp3.txt
1,FangAttack,MultiKrum,legacy_public_baseline,FedAvg_CIFAR100_config,46,4,199,0.379300,37.9300,0.037300,/home/cnlab-pu/Projects/Poisoning_Resilient_Federated_Learning_Playground/FedAvg/CIFAR100_resnet18/non-iid/CIFAR100_resnet18_non-iid_FangAttack_MultiKrum_200_20_0.05_FedAvg_adv0.2_seed46_alpha1_cfgFedAvg_CIFAR100_config_exp4.txt
1,FangAttack,NormClipping,legacy_public_baseline,FedAvg_CIFAR100_config,42,0,199,0.232800,23.2800,0.049800,/home/cnlab-pu/Projects/Poisoning_Resilient_Federated_Learning_Playground/FedAvg/CIFAR100_resnet18/non-iid/CIFAR100_resnet18_non-iid_FangAttack_NormClipping_200_20_0.05_FedAvg_adv0.2_seed42_alpha1_cfgFedAvg_CIFAR100_config_exp0.txt
1,FangAttack,NormClipping,legacy_public_baseline,FedAvg_CIFAR100_config,43,1,199,0.229600,22.9600,0.049900,/home/cnlab-pu/Projects/Poisoning_Resilient_Federated_Learning_Playground/FedAvg/CIFAR100_resnet18/non-iid/CIFAR100_resnet18_non-iid_FangAttack_NormClipping_200_20_0.05_FedAvg_adv0.2_seed43_alpha1_cfgFedAvg_CIFAR100_config_exp1.txt
1,FangAttack,NormClipping,legacy_public_baseline,FedAvg_CIFAR100_config,44,2,199,0.231200,23.1200,0.049800,/home/cnlab-pu/Projects/Poisoning_Resilient_Federated_Learning_Playground/FedAvg/CIFAR100_resnet18/non-iid/CIFAR100_resnet18_non-iid_FangAttack_NormClipping_200_20_0.05_FedAvg_adv0.2_seed44_alpha1_cfgFedAvg_CIFAR100_config_exp2.txt
1,FangAttack,NormClipping,legacy_public_baseline,FedAvg_CIFAR100_config,45,3,199,0.226100,22.6100,0.050500,/home/cnlab-pu/Projects/Poisoning_Resilient_Federated_Learning_Playground/FedAvg/CIFAR100_resnet18/non-iid/CIFAR100_resnet18_non-iid_FangAttack_NormClipping_200_20_0.05_FedAvg_adv0.2_seed45_alpha1_cfgFedAvg_CIFAR100_config_exp3.txt
1,FangAttack,NormClipping,legacy_public_baseline,FedAvg_CIFAR100_config,46,4,199,0.213600,21.3600,0.050600,/home/cnlab-pu/Projects/Poisoning_Resilient_Federated_Learning_Playground/FedAvg/CIFAR100_resnet18/non-iid/CIFAR100_resnet18_non-iid_FangAttack_NormClipping_200_20_0.05_FedAvg_adv0.2_seed46_alpha1_cfgFedAvg_CIFAR100_config_exp4.txt
1,FangAttack,TrimmedMean,final_locked_protocol,FedAvg_CIFAR100_Resnet18_protocol,42,0,199,0.566900,56.6900,0.023900,/home/cnlab-pu/Projects/Poisoning_Resilient_Federated_Learning_Playground/FedAvg/CIFAR100_resnet18/non-iid/CIFAR100_resnet18_non-iid_FangAttack_TrimmedMean_200_20_0.05_FedAvg_adv0.2_seed42_alpha1_cfgFedAvg_CIFAR100_Resnet18_protocol_exp0.txt
1,FangAttack,TrimmedMean,final_locked_protocol,FedAvg_CIFAR100_Resnet18_protocol,43,1,199,0.565300,56.5300,0.024200,/home/cnlab-pu/Projects/Poisoning_Resilient_Federated_Learning_Playground/FedAvg/CIFAR100_resnet18/non-iid/CIFAR100_resnet18_non-iid_FangAttack_TrimmedMean_200_20_0.05_FedAvg_adv0.2_seed43_alpha1_cfgFedAvg_CIFAR100_Resnet18_protocol_exp1.txt
1,FangAttack,TrimmedMean,final_locked_protocol,FedAvg_CIFAR100_Resnet18_protocol,44,2,199,0.555300,55.5300,0.024800,/home/cnlab-pu/Projects/Poisoning_Resilient_Federated_Learning_Playground/FedAvg/CIFAR100_resnet18/non-iid/CIFAR100_resnet18_non-iid_FangAttack_TrimmedMean_200_20_0.05_FedAvg_adv0.2_seed44_alpha1_cfgFedAvg_CIFAR100_Resnet18_protocol_exp2.txt
1,MinMax,CARAT,final_locked_protocol,FedAvg_CIFAR100_Resnet18_protocol,42,0,199,0.551600,55.1600,0.025200,/home/cnlab-pu/Projects/Poisoning_Resilient_Federated_Learning_Playground/FedAvg/CIFAR100_resnet18/non-iid/CIFAR100_resnet18_non-iid_MinMax_CARAT_200_20_0.05_FedAvg_adv0.2_seed42_alpha1_cfgFedAvg_CIFAR100_Resnet18_protocol_exp0.txt
1,MinMax,CARAT,final_locked_protocol,FedAvg_CIFAR100_Resnet18_protocol,43,1,199,0.526600,52.6600,0.026000,/home/cnlab-pu/Projects/Poisoning_Resilient_Federated_Learning_Playground/FedAvg/CIFAR100_resnet18/non-iid/CIFAR100_resnet18_non-iid_MinMax_CARAT_200_20_0.05_FedAvg_adv0.2_seed43_alpha1_cfgFedAvg_CIFAR100_Resnet18_protocol_exp1.txt
1,MinMax,CARAT,final_locked_protocol,FedAvg_CIFAR100_Resnet18_protocol,44,2,199,0.552300,55.2300,0.025200,/home/cnlab-pu/Projects/Poisoning_Resilient_Federated_Learning_Playground/FedAvg/CIFAR100_resnet18/non-iid/CIFAR100_resnet18_non-iid_MinMax_CARAT_200_20_0.05_FedAvg_adv0.2_seed44_alpha1_cfgFedAvg_CIFAR100_Resnet18_protocol_exp2.txt
1,MinMax,FLDetector,legacy_public_baseline,FedAvg_CIFAR100_config,42,0,199,0.512700,51.2700,0.027700,/home/cnlab-pu/Projects/Poisoning_Resilient_Federated_Learning_Playground/FedAvg/CIFAR100_resnet18/non-iid/CIFAR100_resnet18_non-iid_MinMax_FLDetector_200_20_0.05_FedAvg_adv0.2_seed42_alpha1_cfgFedAvg_CIFAR100_config_exp0.txt
1,MinMax,FLDetector,legacy_public_baseline,FedAvg_CIFAR100_config,43,1,199,0.513700,51.3700,0.027700,/home/cnlab-pu/Projects/Poisoning_Resilient_Federated_Learning_Playground/FedAvg/CIFAR100_resnet18/non-iid/CIFAR100_resnet18_non-iid_MinMax_FLDetector_200_20_0.05_FedAvg_adv0.2_seed43_alpha1_cfgFedAvg_CIFAR100_config_exp1.txt
1,MinMax,FLDetector,legacy_public_baseline,FedAvg_CIFAR100_config,44,2,199,0.506300,50.6300,0.028200,/home/cnlab-pu/Projects/Poisoning_Resilient_Federated_Learning_Playground/FedAvg/CIFAR100_resnet18/non-iid/CIFAR100_resnet18_non-iid_MinMax_FLDetector_200_20_0.05_FedAvg_adv0.2_seed44_alpha1_cfgFedAvg_CIFAR100_config_exp2.txt
1,MinMax,FLDetector,legacy_public_baseline,FedAvg_CIFAR100_config,45,3,199,0.499400,49.9400,0.028700,/home/cnlab-pu/Projects/Poisoning_Resilient_Federated_Learning_Playground/FedAvg/CIFAR100_resnet18/non-iid/CIFAR100_resnet18_non-iid_MinMax_FLDetector_200_20_0.05_FedAvg_adv0.2_seed45_alpha1_cfgFedAvg_CIFAR100_config_exp3.txt
1,MinMax,FLDetector,legacy_public_baseline,FedAvg_CIFAR100_config,46,4,199,0.497000,49.7000,0.029000,/home/cnlab-pu/Projects/Poisoning_Resilient_Federated_Learning_Playground/FedAvg/CIFAR100_resnet18/non-iid/CIFAR100_resnet18_non-iid_MinMax_FLDetector_200_20_0.05_FedAvg_adv0.2_seed46_alpha1_cfgFedAvg_CIFAR100_config_exp4.txt
1,MinMax,FLTrust,final_locked_protocol,FedAvg_CIFAR100_Resnet18_protocol,42,0,199,0.427600,42.7600,0.033700,/home/cnlab-pu/Projects/Poisoning_Resilient_Federated_Learning_Playground/FedAvg/CIFAR100_resnet18/non-iid/CIFAR100_resnet18_non-iid_MinMax_FLTrust_200_20_0.05_FedAvg_adv0.2_seed42_alpha1_cfgFedAvg_CIFAR100_Resnet18_protocol_exp0.txt
1,MinMax,FLTrust,final_locked_protocol,FedAvg_CIFAR100_Resnet18_protocol,43,1,199,0.405600,40.5600,0.035300,/home/cnlab-pu/Projects/Poisoning_Resilient_Federated_Learning_Playground/FedAvg/CIFAR100_resnet18/non-iid/CIFAR100_resnet18_non-iid_MinMax_FLTrust_200_20_0.05_FedAvg_adv0.2_seed43_alpha1_cfgFedAvg_CIFAR100_Resnet18_protocol_exp1.txt
1,MinMax,FLTrust,final_locked_protocol,FedAvg_CIFAR100_Resnet18_protocol,44,2,199,0.423800,42.3800,0.034200,/home/cnlab-pu/Projects/Poisoning_Resilient_Federated_Learning_Playground/FedAvg/CIFAR100_resnet18/non-iid/CIFAR100_resnet18_non-iid_MinMax_FLTrust_200_20_0.05_FedAvg_adv0.2_seed44_alpha1_cfgFedAvg_CIFAR100_Resnet18_protocol_exp2.txt
1,MinMax,Mean,legacy_public_baseline,FedAvg_CIFAR100_config,42,0,199,0.512000,51.2000,0.028000,/home/cnlab-pu/Projects/Poisoning_Resilient_Federated_Learning_Playground/FedAvg/CIFAR100_resnet18/non-iid/CIFAR100_resnet18_non-iid_MinMax_Mean_200_20_0.05_FedAvg_adv0.2_seed42_alpha1_cfgFedAvg_CIFAR100_config_exp0.txt
1,MinMax,Mean,legacy_public_baseline,FedAvg_CIFAR100_config,43,1,199,0.507300,50.7300,0.028100,/home/cnlab-pu/Projects/Poisoning_Resilient_Federated_Learning_Playground/FedAvg/CIFAR100_resnet18/non-iid/CIFAR100_resnet18_non-iid_MinMax_Mean_200_20_0.05_FedAvg_adv0.2_seed43_alpha1_cfgFedAvg_CIFAR100_config_exp1.txt
1,MinMax,Mean,legacy_public_baseline,FedAvg_CIFAR100_config,44,2,199,0.505200,50.5200,0.028100,/home/cnlab-pu/Projects/Poisoning_Resilient_Federated_Learning_Playground/FedAvg/CIFAR100_resnet18/non-iid/CIFAR100_resnet18_non-iid_MinMax_Mean_200_20_0.05_FedAvg_adv0.2_seed44_alpha1_cfgFedAvg_CIFAR100_config_exp2.txt
1,MinMax,Mean,legacy_public_baseline,FedAvg_CIFAR100_config,45,3,199,0.504400,50.4400,0.028600,/home/cnlab-pu/Projects/Poisoning_Resilient_Federated_Learning_Playground/FedAvg/CIFAR100_resnet18/non-iid/CIFAR100_resnet18_non-iid_MinMax_Mean_200_20_0.05_FedAvg_adv0.2_seed45_alpha1_cfgFedAvg_CIFAR100_config_exp3.txt
1,MinMax,Mean,legacy_public_baseline,FedAvg_CIFAR100_config,46,4,199,0.495800,49.5800,0.028900,/home/cnlab-pu/Projects/Poisoning_Resilient_Federated_Learning_Playground/FedAvg/CIFAR100_resnet18/non-iid/CIFAR100_resnet18_non-iid_MinMax_Mean_200_20_0.05_FedAvg_adv0.2_seed46_alpha1_cfgFedAvg_CIFAR100_config_exp4.txt
1,MinMax,MultiKrum,legacy_public_baseline,FedAvg_CIFAR100_config,42,0,199,0.499400,49.9400,0.028800,/home/cnlab-pu/Projects/Poisoning_Resilient_Federated_Learning_Playground/FedAvg/CIFAR100_resnet18/non-iid/CIFAR100_resnet18_non-iid_MinMax_MultiKrum_200_20_0.05_FedAvg_adv0.2_seed42_alpha1_cfgFedAvg_CIFAR100_config_exp0.txt
1,MinMax,MultiKrum,legacy_public_baseline,FedAvg_CIFAR100_config,43,1,199,0.488300,48.8300,0.029200,/home/cnlab-pu/Projects/Poisoning_Resilient_Federated_Learning_Playground/FedAvg/CIFAR100_resnet18/non-iid/CIFAR100_resnet18_non-iid_MinMax_MultiKrum_200_20_0.05_FedAvg_adv0.2_seed43_alpha1_cfgFedAvg_CIFAR100_config_exp1.txt
1,MinMax,MultiKrum,legacy_public_baseline,FedAvg_CIFAR100_config,44,2,199,0.485600,48.5600,0.029500,/home/cnlab-pu/Projects/Poisoning_Resilient_Federated_Learning_Playground/FedAvg/CIFAR100_resnet18/non-iid/CIFAR100_resnet18_non-iid_MinMax_MultiKrum_200_20_0.05_FedAvg_adv0.2_seed44_alpha1_cfgFedAvg_CIFAR100_config_exp2.txt
1,MinMax,MultiKrum,legacy_public_baseline,FedAvg_CIFAR100_config,45,3,199,0.485100,48.5100,0.029700,/home/cnlab-pu/Projects/Poisoning_Resilient_Federated_Learning_Playground/FedAvg/CIFAR100_resnet18/non-iid/CIFAR100_resnet18_non-iid_MinMax_MultiKrum_200_20_0.05_FedAvg_adv0.2_seed45_alpha1_cfgFedAvg_CIFAR100_config_exp3.txt
1,MinMax,MultiKrum,legacy_public_baseline,FedAvg_CIFAR100_config,46,4,199,0.476100,47.6100,0.030100,/home/cnlab-pu/Projects/Poisoning_Resilient_Federated_Learning_Playground/FedAvg/CIFAR100_resnet18/non-iid/CIFAR100_resnet18_non-iid_MinMax_MultiKrum_200_20_0.05_FedAvg_adv0.2_seed46_alpha1_cfgFedAvg_CIFAR100_config_exp4.txt
1,MinMax,NormClipping,legacy_public_baseline,FedAvg_CIFAR100_config,42,0,199,0.254700,25.4700,0.048100,/home/cnlab-pu/Projects/Poisoning_Resilient_Federated_Learning_Playground/FedAvg/CIFAR100_resnet18/non-iid/CIFAR100_resnet18_non-iid_MinMax_NormClipping_200_20_0.05_FedAvg_adv0.2_seed42_alpha1_cfgFedAvg_CIFAR100_config_exp0.txt
1,MinMax,NormClipping,legacy_public_baseline,FedAvg_CIFAR100_config,43,1,199,0.246800,24.6800,0.048200,/home/cnlab-pu/Projects/Poisoning_Resilient_Federated_Learning_Playground/FedAvg/CIFAR100_resnet18/non-iid/CIFAR100_resnet18_non-iid_MinMax_NormClipping_200_20_0.05_FedAvg_adv0.2_seed43_alpha1_cfgFedAvg_CIFAR100_config_exp1.txt
1,MinMax,NormClipping,legacy_public_baseline,FedAvg_CIFAR100_config,44,2,199,0.254900,25.4900,0.048000,/home/cnlab-pu/Projects/Poisoning_Resilient_Federated_Learning_Playground/FedAvg/CIFAR100_resnet18/non-iid/CIFAR100_resnet18_non-iid_MinMax_NormClipping_200_20_0.05_FedAvg_adv0.2_seed44_alpha1_cfgFedAvg_CIFAR100_config_exp2.txt
1,MinMax,NormClipping,legacy_public_baseline,FedAvg_CIFAR100_config,45,3,199,0.247300,24.7300,0.048800,/home/cnlab-pu/Projects/Poisoning_Resilient_Federated_Learning_Playground/FedAvg/CIFAR100_resnet18/non-iid/CIFAR100_resnet18_non-iid_MinMax_NormClipping_200_20_0.05_FedAvg_adv0.2_seed45_alpha1_cfgFedAvg_CIFAR100_config_exp3.txt
1,MinMax,NormClipping,legacy_public_baseline,FedAvg_CIFAR100_config,46,4,199,0.239400,23.9400,0.048800,/home/cnlab-pu/Projects/Poisoning_Resilient_Federated_Learning_Playground/FedAvg/CIFAR100_resnet18/non-iid/CIFAR100_resnet18_non-iid_MinMax_NormClipping_200_20_0.05_FedAvg_adv0.2_seed46_alpha1_cfgFedAvg_CIFAR100_config_exp4.txt
1,MinMax,TrimmedMean,final_locked_protocol,FedAvg_CIFAR100_Resnet18_protocol,42,0,199,0.569800,56.9800,0.024400,/home/cnlab-pu/Projects/Poisoning_Resilient_Federated_Learning_Playground/FedAvg/CIFAR100_resnet18/non-iid/CIFAR100_resnet18_non-iid_MinMax_TrimmedMean_200_20_0.05_FedAvg_adv0.2_seed42_alpha1_cfgFedAvg_CIFAR100_Resnet18_protocol_exp0.txt
1,MinMax,TrimmedMean,final_locked_protocol,FedAvg_CIFAR100_Resnet18_protocol,43,1,199,0.568300,56.8300,0.024000,/home/cnlab-pu/Projects/Poisoning_Resilient_Federated_Learning_Playground/FedAvg/CIFAR100_resnet18/non-iid/CIFAR100_resnet18_non-iid_MinMax_TrimmedMean_200_20_0.05_FedAvg_adv0.2_seed43_alpha1_cfgFedAvg_CIFAR100_Resnet18_protocol_exp1.txt
1,MinMax,TrimmedMean,final_locked_protocol,FedAvg_CIFAR100_Resnet18_protocol,44,2,199,0.573300,57.3300,0.023900,/home/cnlab-pu/Projects/Poisoning_Resilient_Federated_Learning_Playground/FedAvg/CIFAR100_resnet18/non-iid/CIFAR100_resnet18_non-iid_MinMax_TrimmedMean_200_20_0.05_FedAvg_adv0.2_seed44_alpha1_cfgFedAvg_CIFAR100_Resnet18_protocol_exp2.txt
1,MinSum,CARAT,final_locked_protocol,FedAvg_CIFAR100_Resnet18_protocol,42,0,199,0.554000,55.4000,0.024600,/home/cnlab-pu/Projects/Poisoning_Resilient_Federated_Learning_Playground/FedAvg/CIFAR100_resnet18/non-iid/CIFAR100_resnet18_non-iid_MinSum_CARAT_200_20_0.05_FedAvg_adv0.2_seed42_alpha1_cfgFedAvg_CIFAR100_Resnet18_protocol_exp0.txt
1,MinSum,CARAT,final_locked_protocol,FedAvg_CIFAR100_Resnet18_protocol,43,1,199,0.530500,53.0500,0.026300,/home/cnlab-pu/Projects/Poisoning_Resilient_Federated_Learning_Playground/FedAvg/CIFAR100_resnet18/non-iid/CIFAR100_resnet18_non-iid_MinSum_CARAT_200_20_0.05_FedAvg_adv0.2_seed43_alpha1_cfgFedAvg_CIFAR100_Resnet18_protocol_exp1.txt
1,MinSum,CARAT,final_locked_protocol,FedAvg_CIFAR100_Resnet18_protocol,44,2,199,0.556400,55.6400,0.024800,/home/cnlab-pu/Projects/Poisoning_Resilient_Federated_Learning_Playground/FedAvg/CIFAR100_resnet18/non-iid/CIFAR100_resnet18_non-iid_MinSum_CARAT_200_20_0.05_FedAvg_adv0.2_seed44_alpha1_cfgFedAvg_CIFAR100_Resnet18_protocol_exp2.txt
1,MinSum,FLDetector,legacy_public_baseline,FedAvg_CIFAR100_config,42,0,199,0.509100,50.9100,0.028000,/home/cnlab-pu/Projects/Poisoning_Resilient_Federated_Learning_Playground/FedAvg/CIFAR100_resnet18/non-iid/CIFAR100_resnet18_non-iid_MinSum_FLDetector_200_20_0.05_FedAvg_adv0.2_seed42_alpha1_cfgFedAvg_CIFAR100_config_exp0.txt
1,MinSum,FLDetector,legacy_public_baseline,FedAvg_CIFAR100_config,43,1,199,0.504900,50.4900,0.028200,/home/cnlab-pu/Projects/Poisoning_Resilient_Federated_Learning_Playground/FedAvg/CIFAR100_resnet18/non-iid/CIFAR100_resnet18_non-iid_MinSum_FLDetector_200_20_0.05_FedAvg_adv0.2_seed43_alpha1_cfgFedAvg_CIFAR100_config_exp1.txt
1,MinSum,FLDetector,legacy_public_baseline,FedAvg_CIFAR100_config,44,2,199,0.504700,50.4700,0.028500,/home/cnlab-pu/Projects/Poisoning_Resilient_Federated_Learning_Playground/FedAvg/CIFAR100_resnet18/non-iid/CIFAR100_resnet18_non-iid_MinSum_FLDetector_200_20_0.05_FedAvg_adv0.2_seed44_alpha1_cfgFedAvg_CIFAR100_config_exp2.txt
1,MinSum,FLDetector,legacy_public_baseline,FedAvg_CIFAR100_config,45,3,199,0.502300,50.2300,0.028800,/home/cnlab-pu/Projects/Poisoning_Resilient_Federated_Learning_Playground/FedAvg/CIFAR100_resnet18/non-iid/CIFAR100_resnet18_non-iid_MinSum_FLDetector_200_20_0.05_FedAvg_adv0.2_seed45_alpha1_cfgFedAvg_CIFAR100_config_exp3.txt
1,MinSum,FLDetector,legacy_public_baseline,FedAvg_CIFAR100_config,46,4,199,0.502500,50.2500,0.028700,/home/cnlab-pu/Projects/Poisoning_Resilient_Federated_Learning_Playground/FedAvg/CIFAR100_resnet18/non-iid/CIFAR100_resnet18_non-iid_MinSum_FLDetector_200_20_0.05_FedAvg_adv0.2_seed46_alpha1_cfgFedAvg_CIFAR100_config_exp4.txt
1,MinSum,FLTrust,final_locked_protocol,FedAvg_CIFAR100_Resnet18_protocol,42,0,199,0.429600,42.9600,0.033300,/home/cnlab-pu/Projects/Poisoning_Resilient_Federated_Learning_Playground/FedAvg/CIFAR100_resnet18/non-iid/CIFAR100_resnet18_non-iid_MinSum_FLTrust_200_20_0.05_FedAvg_adv0.2_seed42_alpha1_cfgFedAvg_CIFAR100_Resnet18_protocol_exp0.txt
1,MinSum,FLTrust,final_locked_protocol,FedAvg_CIFAR100_Resnet18_protocol,43,1,199,0.398100,39.8100,0.035900,/home/cnlab-pu/Projects/Poisoning_Resilient_Federated_Learning_Playground/FedAvg/CIFAR100_resnet18/non-iid/CIFAR100_resnet18_non-iid_MinSum_FLTrust_200_20_0.05_FedAvg_adv0.2_seed43_alpha1_cfgFedAvg_CIFAR100_Resnet18_protocol_exp1.txt
1,MinSum,FLTrust,final_locked_protocol,FedAvg_CIFAR100_Resnet18_protocol,44,2,199,0.419200,41.9200,0.034700,/home/cnlab-pu/Projects/Poisoning_Resilient_Federated_Learning_Playground/FedAvg/CIFAR100_resnet18/non-iid/CIFAR100_resnet18_non-iid_MinSum_FLTrust_200_20_0.05_FedAvg_adv0.2_seed44_alpha1_cfgFedAvg_CIFAR100_Resnet18_protocol_exp2.txt
1,MinSum,Mean,legacy_public_baseline,FedAvg_CIFAR100_config,42,0,199,0.507600,50.7600,0.027900,/home/cnlab-pu/Projects/Poisoning_Resilient_Federated_Learning_Playground/FedAvg/CIFAR100_resnet18/non-iid/CIFAR100_resnet18_non-iid_MinSum_Mean_200_20_0.05_FedAvg_adv0.2_seed42_alpha1_cfgFedAvg_CIFAR100_config_exp0.txt
1,MinSum,Mean,legacy_public_baseline,FedAvg_CIFAR100_config,43,1,199,0.508000,50.8000,0.027800,/home/cnlab-pu/Projects/Poisoning_Resilient_Federated_Learning_Playground/FedAvg/CIFAR100_resnet18/non-iid/CIFAR100_resnet18_non-iid_MinSum_Mean_200_20_0.05_FedAvg_adv0.2_seed43_alpha1_cfgFedAvg_CIFAR100_config_exp1.txt
1,MinSum,Mean,legacy_public_baseline,FedAvg_CIFAR100_config,44,2,199,0.509100,50.9100,0.028000,/home/cnlab-pu/Projects/Poisoning_Resilient_Federated_Learning_Playground/FedAvg/CIFAR100_resnet18/non-iid/CIFAR100_resnet18_non-iid_MinSum_Mean_200_20_0.05_FedAvg_adv0.2_seed44_alpha1_cfgFedAvg_CIFAR100_config_exp2.txt
1,MinSum,Mean,legacy_public_baseline,FedAvg_CIFAR100_config,45,3,199,0.497200,49.7200,0.029100,/home/cnlab-pu/Projects/Poisoning_Resilient_Federated_Learning_Playground/FedAvg/CIFAR100_resnet18/non-iid/CIFAR100_resnet18_non-iid_MinSum_Mean_200_20_0.05_FedAvg_adv0.2_seed45_alpha1_cfgFedAvg_CIFAR100_config_exp3.txt
1,MinSum,Mean,legacy_public_baseline,FedAvg_CIFAR100_config,46,4,199,0.503100,50.3100,0.028600,/home/cnlab-pu/Projects/Poisoning_Resilient_Federated_Learning_Playground/FedAvg/CIFAR100_resnet18/non-iid/CIFAR100_resnet18_non-iid_MinSum_Mean_200_20_0.05_FedAvg_adv0.2_seed46_alpha1_cfgFedAvg_CIFAR100_config_exp4.txt
1,MinSum,MultiKrum,legacy_public_baseline,FedAvg_CIFAR100_config,42,0,199,0.493800,49.3800,0.028700,/home/cnlab-pu/Projects/Poisoning_Resilient_Federated_Learning_Playground/FedAvg/CIFAR100_resnet18/non-iid/CIFAR100_resnet18_non-iid_MinSum_MultiKrum_200_20_0.05_FedAvg_adv0.2_seed42_alpha1_cfgFedAvg_CIFAR100_config_exp0.txt
1,MinSum,MultiKrum,legacy_public_baseline,FedAvg_CIFAR100_config,43,1,199,0.466000,46.6000,0.030900,/home/cnlab-pu/Projects/Poisoning_Resilient_Federated_Learning_Playground/FedAvg/CIFAR100_resnet18/non-iid/CIFAR100_resnet18_non-iid_MinSum_MultiKrum_200_20_0.05_FedAvg_adv0.2_seed43_alpha1_cfgFedAvg_CIFAR100_config_exp1.txt
1,MinSum,MultiKrum,legacy_public_baseline,FedAvg_CIFAR100_config,44,2,199,0.479800,47.9800,0.030000,/home/cnlab-pu/Projects/Poisoning_Resilient_Federated_Learning_Playground/FedAvg/CIFAR100_resnet18/non-iid/CIFAR100_resnet18_non-iid_MinSum_MultiKrum_200_20_0.05_FedAvg_adv0.2_seed44_alpha1_cfgFedAvg_CIFAR100_config_exp2.txt
1,MinSum,MultiKrum,legacy_public_baseline,FedAvg_CIFAR100_config,45,3,199,0.467600,46.7600,0.030900,/home/cnlab-pu/Projects/Poisoning_Resilient_Federated_Learning_Playground/FedAvg/CIFAR100_resnet18/non-iid/CIFAR100_resnet18_non-iid_MinSum_MultiKrum_200_20_0.05_FedAvg_adv0.2_seed45_alpha1_cfgFedAvg_CIFAR100_config_exp3.txt
1,MinSum,MultiKrum,legacy_public_baseline,FedAvg_CIFAR100_config,46,4,199,0.478400,47.8400,0.030100,/home/cnlab-pu/Projects/Poisoning_Resilient_Federated_Learning_Playground/FedAvg/CIFAR100_resnet18/non-iid/CIFAR100_resnet18_non-iid_MinSum_MultiKrum_200_20_0.05_FedAvg_adv0.2_seed46_alpha1_cfgFedAvg_CIFAR100_config_exp4.txt
1,MinSum,NormClipping,legacy_public_baseline,FedAvg_CIFAR100_config,42,0,199,0.248100,24.8100,0.048400,/home/cnlab-pu/Projects/Poisoning_Resilient_Federated_Learning_Playground/FedAvg/CIFAR100_resnet18/non-iid/CIFAR100_resnet18_non-iid_MinSum_NormClipping_200_20_0.05_FedAvg_adv0.2_seed42_alpha1_cfgFedAvg_CIFAR100_config_exp0.txt
1,MinSum,NormClipping,legacy_public_baseline,FedAvg_CIFAR100_config,43,1,199,0.247200,24.7200,0.048400,/home/cnlab-pu/Projects/Poisoning_Resilient_Federated_Learning_Playground/FedAvg/CIFAR100_resnet18/non-iid/CIFAR100_resnet18_non-iid_MinSum_NormClipping_200_20_0.05_FedAvg_adv0.2_seed43_alpha1_cfgFedAvg_CIFAR100_config_exp1.txt
1,MinSum,NormClipping,legacy_public_baseline,FedAvg_CIFAR100_config,44,2,199,0.256400,25.6400,0.048100,/home/cnlab-pu/Projects/Poisoning_Resilient_Federated_Learning_Playground/FedAvg/CIFAR100_resnet18/non-iid/CIFAR100_resnet18_non-iid_MinSum_NormClipping_200_20_0.05_FedAvg_adv0.2_seed44_alpha1_cfgFedAvg_CIFAR100_config_exp2.txt
1,MinSum,NormClipping,legacy_public_baseline,FedAvg_CIFAR100_config,45,3,199,0.246300,24.6300,0.048800,/home/cnlab-pu/Projects/Poisoning_Resilient_Federated_Learning_Playground/FedAvg/CIFAR100_resnet18/non-iid/CIFAR100_resnet18_non-iid_MinSum_NormClipping_200_20_0.05_FedAvg_adv0.2_seed45_alpha1_cfgFedAvg_CIFAR100_config_exp3.txt
1,MinSum,NormClipping,legacy_public_baseline,FedAvg_CIFAR100_config,46,4,199,0.238800,23.8800,0.048800,/home/cnlab-pu/Projects/Poisoning_Resilient_Federated_Learning_Playground/FedAvg/CIFAR100_resnet18/non-iid/CIFAR100_resnet18_non-iid_MinSum_NormClipping_200_20_0.05_FedAvg_adv0.2_seed46_alpha1_cfgFedAvg_CIFAR100_config_exp4.txt
1,MinSum,TrimmedMean,final_locked_protocol,FedAvg_CIFAR100_Resnet18_protocol,42,0,199,0.569700,56.9700,0.024000,/home/cnlab-pu/Projects/Poisoning_Resilient_Federated_Learning_Playground/FedAvg/CIFAR100_resnet18/non-iid/CIFAR100_resnet18_non-iid_MinSum_TrimmedMean_200_20_0.05_FedAvg_adv0.2_seed42_alpha1_cfgFedAvg_CIFAR100_Resnet18_protocol_exp0.txt
1,MinSum,TrimmedMean,final_locked_protocol,FedAvg_CIFAR100_Resnet18_protocol,43,1,199,0.562100,56.2100,0.024300,/home/cnlab-pu/Projects/Poisoning_Resilient_Federated_Learning_Playground/FedAvg/CIFAR100_resnet18/non-iid/CIFAR100_resnet18_non-iid_MinSum_TrimmedMean_200_20_0.05_FedAvg_adv0.2_seed43_alpha1_cfgFedAvg_CIFAR100_Resnet18_protocol_exp1.txt
1,MinSum,TrimmedMean,final_locked_protocol,FedAvg_CIFAR100_Resnet18_protocol,44,2,199,0.579400,57.9400,0.023800,/home/cnlab-pu/Projects/Poisoning_Resilient_Federated_Learning_Playground/FedAvg/CIFAR100_resnet18/non-iid/CIFAR100_resnet18_non-iid_MinSum_TrimmedMean_200_20_0.05_FedAvg_adv0.2_seed44_alpha1_cfgFedAvg_CIFAR100_Resnet18_protocol_exp2.txt
0.5,ALIE,CARAT,final_locked_protocol,FedAvg_CIFAR100_Resnet18_protocol,42,0,199,0.504900,50.4900,0.028100,/home/cnlab-pu/Projects/Poisoning_Resilient_Federated_Learning_Playground/FedAvg/CIFAR100_resnet18/non-iid/CIFAR100_resnet18_non-iid_ALIE_CARAT_200_20_0.05_FedAvg_adv0.2_seed42_alpha0.5_cfgFedAvg_CIFAR100_Resnet18_protocol_exp0.txt
0.5,ALIE,CARAT,final_locked_protocol,FedAvg_CIFAR100_Resnet18_protocol,43,1,199,0.488900,48.8900,0.029800,/home/cnlab-pu/Projects/Poisoning_Resilient_Federated_Learning_Playground/FedAvg/CIFAR100_resnet18/non-iid/CIFAR100_resnet18_non-iid_ALIE_CARAT_200_20_0.05_FedAvg_adv0.2_seed43_alpha0.5_cfgFedAvg_CIFAR100_Resnet18_protocol_exp1.txt
0.5,ALIE,CARAT,final_locked_protocol,FedAvg_CIFAR100_Resnet18_protocol,44,2,199,0.510700,51.0700,0.027600,/home/cnlab-pu/Projects/Poisoning_Resilient_Federated_Learning_Playground/FedAvg/CIFAR100_resnet18/non-iid/CIFAR100_resnet18_non-iid_ALIE_CARAT_200_20_0.05_FedAvg_adv0.2_seed44_alpha0.5_cfgFedAvg_CIFAR100_Resnet18_protocol_exp2.txt
0.5,ALIE,FLDetector,legacy_public_baseline,FedAvg_CIFAR100_config,42,0,199,0.449800,44.9800,0.032000,/home/cnlab-pu/Projects/Poisoning_Resilient_Federated_Learning_Playground/FedAvg/CIFAR100_resnet18/non-iid/CIFAR100_resnet18_non-iid_ALIE_FLDetector_200_20_0.05_FedAvg_adv0.2_seed42_alpha0.5_cfgFedAvg_CIFAR100_config_exp0.txt
0.5,ALIE,FLDetector,legacy_public_baseline,FedAvg_CIFAR100_config,43,1,199,0.459100,45.9100,0.031600,/home/cnlab-pu/Projects/Poisoning_Resilient_Federated_Learning_Playground/FedAvg/CIFAR100_resnet18/non-iid/CIFAR100_resnet18_non-iid_ALIE_FLDetector_200_20_0.05_FedAvg_adv0.2_seed43_alpha0.5_cfgFedAvg_CIFAR100_config_exp1.txt
0.5,ALIE,FLDetector,legacy_public_baseline,FedAvg_CIFAR100_config,44,2,199,0.450300,45.0300,0.031900,/home/cnlab-pu/Projects/Poisoning_Resilient_Federated_Learning_Playground/FedAvg/CIFAR100_resnet18/non-iid/CIFAR100_resnet18_non-iid_ALIE_FLDetector_200_20_0.05_FedAvg_adv0.2_seed44_alpha0.5_cfgFedAvg_CIFAR100_config_exp2.txt
0.5,ALIE,FLDetector,legacy_public_baseline,FedAvg_CIFAR100_config,45,3,199,0.443800,44.3800,0.032600,/home/cnlab-pu/Projects/Poisoning_Resilient_Federated_Learning_Playground/FedAvg/CIFAR100_resnet18/non-iid/CIFAR100_resnet18_non-iid_ALIE_FLDetector_200_20_0.05_FedAvg_adv0.2_seed45_alpha0.5_cfgFedAvg_CIFAR100_config_exp3.txt
0.5,ALIE,FLDetector,legacy_public_baseline,FedAvg_CIFAR100_config,46,4,199,0.462100,46.2100,0.031600,/home/cnlab-pu/Projects/Poisoning_Resilient_Federated_Learning_Playground/FedAvg/CIFAR100_resnet18/non-iid/CIFAR100_resnet18_non-iid_ALIE_FLDetector_200_20_0.05_FedAvg_adv0.2_seed46_alpha0.5_cfgFedAvg_CIFAR100_config_exp4.txt
0.5,ALIE,FLTrust,final_locked_protocol,FedAvg_CIFAR100_Resnet18_protocol,42,0,199,0.344200,34.4200,0.039400,/home/cnlab-pu/Projects/Poisoning_Resilient_Federated_Learning_Playground/FedAvg/CIFAR100_resnet18/non-iid/CIFAR100_resnet18_non-iid_ALIE_FLTrust_200_20_0.05_FedAvg_adv0.2_seed42_alpha0.5_cfgFedAvg_CIFAR100_Resnet18_protocol_exp0.txt
0.5,ALIE,FLTrust,final_locked_protocol,FedAvg_CIFAR100_Resnet18_protocol,43,1,199,0.354100,35.4100,0.039200,/home/cnlab-pu/Projects/Poisoning_Resilient_Federated_Learning_Playground/FedAvg/CIFAR100_resnet18/non-iid/CIFAR100_resnet18_non-iid_ALIE_FLTrust_200_20_0.05_FedAvg_adv0.2_seed43_alpha0.5_cfgFedAvg_CIFAR100_Resnet18_protocol_exp1.txt
0.5,ALIE,FLTrust,final_locked_protocol,FedAvg_CIFAR100_Resnet18_protocol,44,2,199,0.337300,33.7300,0.040200,/home/cnlab-pu/Projects/Poisoning_Resilient_Federated_Learning_Playground/FedAvg/CIFAR100_resnet18/non-iid/CIFAR100_resnet18_non-iid_ALIE_FLTrust_200_20_0.05_FedAvg_adv0.2_seed44_alpha0.5_cfgFedAvg_CIFAR100_Resnet18_protocol_exp2.txt
0.5,ALIE,Mean,legacy_public_baseline,FedAvg_CIFAR100_config,42,0,199,0.477000,47.7000,0.030500,/home/cnlab-pu/Projects/Poisoning_Resilient_Federated_Learning_Playground/FedAvg/CIFAR100_resnet18/non-iid/CIFAR100_resnet18_non-iid_ALIE_Mean_200_20_0.05_FedAvg_adv0.2_seed42_alpha0.5_cfgFedAvg_CIFAR100_config_exp0.txt
0.5,ALIE,Mean,legacy_public_baseline,FedAvg_CIFAR100_config,43,1,199,0.482900,48.2900,0.029700,/home/cnlab-pu/Projects/Poisoning_Resilient_Federated_Learning_Playground/FedAvg/CIFAR100_resnet18/non-iid/CIFAR100_resnet18_non-iid_ALIE_Mean_200_20_0.05_FedAvg_adv0.2_seed43_alpha0.5_cfgFedAvg_CIFAR100_config_exp1.txt
0.5,ALIE,Mean,legacy_public_baseline,FedAvg_CIFAR100_config,44,2,199,0.476500,47.6500,0.030100,/home/cnlab-pu/Projects/Poisoning_Resilient_Federated_Learning_Playground/FedAvg/CIFAR100_resnet18/non-iid/CIFAR100_resnet18_non-iid_ALIE_Mean_200_20_0.05_FedAvg_adv0.2_seed44_alpha0.5_cfgFedAvg_CIFAR100_config_exp2.txt
0.5,ALIE,Mean,legacy_public_baseline,FedAvg_CIFAR100_config,45,3,199,0.463900,46.3900,0.031100,/home/cnlab-pu/Projects/Poisoning_Resilient_Federated_Learning_Playground/FedAvg/CIFAR100_resnet18/non-iid/CIFAR100_resnet18_non-iid_ALIE_Mean_200_20_0.05_FedAvg_adv0.2_seed45_alpha0.5_cfgFedAvg_CIFAR100_config_exp3.txt
0.5,ALIE,Mean,legacy_public_baseline,FedAvg_CIFAR100_config,46,4,199,0.480500,48.0500,0.030000,/home/cnlab-pu/Projects/Poisoning_Resilient_Federated_Learning_Playground/FedAvg/CIFAR100_resnet18/non-iid/CIFAR100_resnet18_non-iid_ALIE_Mean_200_20_0.05_FedAvg_adv0.2_seed46_alpha0.5_cfgFedAvg_CIFAR100_config_exp4.txt
0.5,ALIE,MultiKrum,legacy_public_baseline,FedAvg_CIFAR100_config,42,0,199,0.363900,36.3900,0.038600,/home/cnlab-pu/Projects/Poisoning_Resilient_Federated_Learning_Playground/FedAvg/CIFAR100_resnet18/non-iid/CIFAR100_resnet18_non-iid_ALIE_MultiKrum_200_20_0.05_FedAvg_adv0.2_seed42_alpha0.5_cfgFedAvg_CIFAR100_config_exp0.txt
0.5,ALIE,MultiKrum,legacy_public_baseline,FedAvg_CIFAR100_config,43,1,199,0.383600,38.3600,0.036900,/home/cnlab-pu/Projects/Poisoning_Resilient_Federated_Learning_Playground/FedAvg/CIFAR100_resnet18/non-iid/CIFAR100_resnet18_non-iid_ALIE_MultiKrum_200_20_0.05_FedAvg_adv0.2_seed43_alpha0.5_cfgFedAvg_CIFAR100_config_exp1.txt
0.5,ALIE,MultiKrum,legacy_public_baseline,FedAvg_CIFAR100_config,44,2,199,0.369700,36.9700,0.038100,/home/cnlab-pu/Projects/Poisoning_Resilient_Federated_Learning_Playground/FedAvg/CIFAR100_resnet18/non-iid/CIFAR100_resnet18_non-iid_ALIE_MultiKrum_200_20_0.05_FedAvg_adv0.2_seed44_alpha0.5_cfgFedAvg_CIFAR100_config_exp2.txt
0.5,ALIE,MultiKrum,legacy_public_baseline,FedAvg_CIFAR100_config,45,3,199,0.363800,36.3800,0.039000,/home/cnlab-pu/Projects/Poisoning_Resilient_Federated_Learning_Playground/FedAvg/CIFAR100_resnet18/non-iid/CIFAR100_resnet18_non-iid_ALIE_MultiKrum_200_20_0.05_FedAvg_adv0.2_seed45_alpha0.5_cfgFedAvg_CIFAR100_config_exp3.txt
0.5,ALIE,MultiKrum,legacy_public_baseline,FedAvg_CIFAR100_config,46,4,199,0.369000,36.9000,0.038400,/home/cnlab-pu/Projects/Poisoning_Resilient_Federated_Learning_Playground/FedAvg/CIFAR100_resnet18/non-iid/CIFAR100_resnet18_non-iid_ALIE_MultiKrum_200_20_0.05_FedAvg_adv0.2_seed46_alpha0.5_cfgFedAvg_CIFAR100_config_exp4.txt
0.5,ALIE,NormClipping,legacy_public_baseline,FedAvg_CIFAR100_config,42,0,199,0.241300,24.1300,0.048300,/home/cnlab-pu/Projects/Poisoning_Resilient_Federated_Learning_Playground/FedAvg/CIFAR100_resnet18/non-iid/CIFAR100_resnet18_non-iid_ALIE_NormClipping_200_20_0.05_FedAvg_adv0.2_seed42_alpha0.5_cfgFedAvg_CIFAR100_config_exp0.txt
0.5,ALIE,NormClipping,legacy_public_baseline,FedAvg_CIFAR100_config,43,1,199,0.242900,24.2900,0.048100,/home/cnlab-pu/Projects/Poisoning_Resilient_Federated_Learning_Playground/FedAvg/CIFAR100_resnet18/non-iid/CIFAR100_resnet18_non-iid_ALIE_NormClipping_200_20_0.05_FedAvg_adv0.2_seed43_alpha0.5_cfgFedAvg_CIFAR100_config_exp1.txt
0.5,ALIE,NormClipping,legacy_public_baseline,FedAvg_CIFAR100_config,44,2,199,0.238600,23.8600,0.048600,/home/cnlab-pu/Projects/Poisoning_Resilient_Federated_Learning_Playground/FedAvg/CIFAR100_resnet18/non-iid/CIFAR100_resnet18_non-iid_ALIE_NormClipping_200_20_0.05_FedAvg_adv0.2_seed44_alpha0.5_cfgFedAvg_CIFAR100_config_exp2.txt
0.5,ALIE,NormClipping,legacy_public_baseline,FedAvg_CIFAR100_config,45,3,199,0.230400,23.0400,0.049200,/home/cnlab-pu/Projects/Poisoning_Resilient_Federated_Learning_Playground/FedAvg/CIFAR100_resnet18/non-iid/CIFAR100_resnet18_non-iid_ALIE_NormClipping_200_20_0.05_FedAvg_adv0.2_seed45_alpha0.5_cfgFedAvg_CIFAR100_config_exp3.txt
0.5,ALIE,NormClipping,legacy_public_baseline,FedAvg_CIFAR100_config,46,4,199,0.233300,23.3300,0.049000,/home/cnlab-pu/Projects/Poisoning_Resilient_Federated_Learning_Playground/FedAvg/CIFAR100_resnet18/non-iid/CIFAR100_resnet18_non-iid_ALIE_NormClipping_200_20_0.05_FedAvg_adv0.2_seed46_alpha0.5_cfgFedAvg_CIFAR100_config_exp4.txt
0.5,ALIE,TrimmedMean,final_locked_protocol,FedAvg_CIFAR100_Resnet18_protocol,42,0,199,0.537400,53.7400,0.026200,/home/cnlab-pu/Projects/Poisoning_Resilient_Federated_Learning_Playground/FedAvg/CIFAR100_resnet18/non-iid/CIFAR100_resnet18_non-iid_ALIE_TrimmedMean_200_20_0.05_FedAvg_adv0.2_seed42_alpha0.5_cfgFedAvg_CIFAR100_Resnet18_protocol_exp0.txt
0.5,ALIE,TrimmedMean,final_locked_protocol,FedAvg_CIFAR100_Resnet18_protocol,43,1,199,0.542000,54.2000,0.026100,/home/cnlab-pu/Projects/Poisoning_Resilient_Federated_Learning_Playground/FedAvg/CIFAR100_resnet18/non-iid/CIFAR100_resnet18_non-iid_ALIE_TrimmedMean_200_20_0.05_FedAvg_adv0.2_seed43_alpha0.5_cfgFedAvg_CIFAR100_Resnet18_protocol_exp1.txt
0.5,ALIE,TrimmedMean,final_locked_protocol,FedAvg_CIFAR100_Resnet18_protocol,44,2,199,0.531800,53.1800,0.027000,/home/cnlab-pu/Projects/Poisoning_Resilient_Federated_Learning_Playground/FedAvg/CIFAR100_resnet18/non-iid/CIFAR100_resnet18_non-iid_ALIE_TrimmedMean_200_20_0.05_FedAvg_adv0.2_seed44_alpha0.5_cfgFedAvg_CIFAR100_Resnet18_protocol_exp2.txt
0.5,FangAttack,CARAT,final_locked_protocol,FedAvg_CIFAR100_Resnet18_protocol,42,0,199,0.523700,52.3700,0.026700,/home/cnlab-pu/Projects/Poisoning_Resilient_Federated_Learning_Playground/FedAvg/CIFAR100_resnet18/non-iid/CIFAR100_resnet18_non-iid_FangAttack_CARAT_200_20_0.05_FedAvg_adv0.2_seed42_alpha0.5_cfgFedAvg_CIFAR100_Resnet18_protocol_exp0.txt
0.5,FangAttack,CARAT,final_locked_protocol,FedAvg_CIFAR100_Resnet18_protocol,43,1,199,0.509100,50.9100,0.028100,/home/cnlab-pu/Projects/Poisoning_Resilient_Federated_Learning_Playground/FedAvg/CIFAR100_resnet18/non-iid/CIFAR100_resnet18_non-iid_FangAttack_CARAT_200_20_0.05_FedAvg_adv0.2_seed43_alpha0.5_cfgFedAvg_CIFAR100_Resnet18_protocol_exp1.txt
0.5,FangAttack,CARAT,final_locked_protocol,FedAvg_CIFAR100_Resnet18_protocol,44,2,199,0.521400,52.1400,0.026900,/home/cnlab-pu/Projects/Poisoning_Resilient_Federated_Learning_Playground/FedAvg/CIFAR100_resnet18/non-iid/CIFAR100_resnet18_non-iid_FangAttack_CARAT_200_20_0.05_FedAvg_adv0.2_seed44_alpha0.5_cfgFedAvg_CIFAR100_Resnet18_protocol_exp2.txt
0.5,FangAttack,FLDetector,legacy_public_baseline,FedAvg_CIFAR100_config,42,0,199,0.282000,28.2000,0.045800,/home/cnlab-pu/Projects/Poisoning_Resilient_Federated_Learning_Playground/FedAvg/CIFAR100_resnet18/non-iid/CIFAR100_resnet18_non-iid_FangAttack_FLDetector_200_20_0.05_FedAvg_adv0.2_seed42_alpha0.5_cfgFedAvg_CIFAR100_config_exp0.txt
0.5,FangAttack,FLDetector,legacy_public_baseline,FedAvg_CIFAR100_config,43,1,199,0.277500,27.7500,0.044900,/home/cnlab-pu/Projects/Poisoning_Resilient_Federated_Learning_Playground/FedAvg/CIFAR100_resnet18/non-iid/CIFAR100_resnet18_non-iid_FangAttack_FLDetector_200_20_0.05_FedAvg_adv0.2_seed43_alpha0.5_cfgFedAvg_CIFAR100_config_exp1.txt
0.5,FangAttack,FLDetector,legacy_public_baseline,FedAvg_CIFAR100_config,44,2,199,0.273500,27.3500,0.046000,/home/cnlab-pu/Projects/Poisoning_Resilient_Federated_Learning_Playground/FedAvg/CIFAR100_resnet18/non-iid/CIFAR100_resnet18_non-iid_FangAttack_FLDetector_200_20_0.05_FedAvg_adv0.2_seed44_alpha0.5_cfgFedAvg_CIFAR100_config_exp2.txt
0.5,FangAttack,FLDetector,legacy_public_baseline,FedAvg_CIFAR100_config,45,3,199,0.260600,26.0600,0.047500,/home/cnlab-pu/Projects/Poisoning_Resilient_Federated_Learning_Playground/FedAvg/CIFAR100_resnet18/non-iid/CIFAR100_resnet18_non-iid_FangAttack_FLDetector_200_20_0.05_FedAvg_adv0.2_seed45_alpha0.5_cfgFedAvg_CIFAR100_config_exp3.txt
0.5,FangAttack,FLDetector,legacy_public_baseline,FedAvg_CIFAR100_config,46,4,199,0.294800,29.4800,0.044700,/home/cnlab-pu/Projects/Poisoning_Resilient_Federated_Learning_Playground/FedAvg/CIFAR100_resnet18/non-iid/CIFAR100_resnet18_non-iid_FangAttack_FLDetector_200_20_0.05_FedAvg_adv0.2_seed46_alpha0.5_cfgFedAvg_CIFAR100_config_exp4.txt
0.5,FangAttack,FLTrust,final_locked_protocol,FedAvg_CIFAR100_Resnet18_protocol,42,0,199,0.335000,33.5000,0.040700,/home/cnlab-pu/Projects/Poisoning_Resilient_Federated_Learning_Playground/FedAvg/CIFAR100_resnet18/non-iid/CIFAR100_resnet18_non-iid_FangAttack_FLTrust_200_20_0.05_FedAvg_adv0.2_seed42_alpha0.5_cfgFedAvg_CIFAR100_Resnet18_protocol_exp0.txt
0.5,FangAttack,FLTrust,final_locked_protocol,FedAvg_CIFAR100_Resnet18_protocol,43,1,199,0.352900,35.2900,0.039700,/home/cnlab-pu/Projects/Poisoning_Resilient_Federated_Learning_Playground/FedAvg/CIFAR100_resnet18/non-iid/CIFAR100_resnet18_non-iid_FangAttack_FLTrust_200_20_0.05_FedAvg_adv0.2_seed43_alpha0.5_cfgFedAvg_CIFAR100_Resnet18_protocol_exp1.txt
0.5,FangAttack,FLTrust,final_locked_protocol,FedAvg_CIFAR100_Resnet18_protocol,44,2,199,0.338800,33.8800,0.040400,/home/cnlab-pu/Projects/Poisoning_Resilient_Federated_Learning_Playground/FedAvg/CIFAR100_resnet18/non-iid/CIFAR100_resnet18_non-iid_FangAttack_FLTrust_200_20_0.05_FedAvg_adv0.2_seed44_alpha0.5_cfgFedAvg_CIFAR100_Resnet18_protocol_exp2.txt
0.5,FangAttack,Mean,legacy_public_baseline,FedAvg_CIFAR100_config,42,0,199,0.471600,47.1600,0.030200,/home/cnlab-pu/Projects/Poisoning_Resilient_Federated_Learning_Playground/FedAvg/CIFAR100_resnet18/non-iid/CIFAR100_resnet18_non-iid_FangAttack_Mean_200_20_0.05_FedAvg_adv0.2_seed42_alpha0.5_cfgFedAvg_CIFAR100_config_exp0.txt
0.5,FangAttack,Mean,legacy_public_baseline,FedAvg_CIFAR100_config,43,1,199,0.489500,48.9500,0.029400,/home/cnlab-pu/Projects/Poisoning_Resilient_Federated_Learning_Playground/FedAvg/CIFAR100_resnet18/non-iid/CIFAR100_resnet18_non-iid_FangAttack_Mean_200_20_0.05_FedAvg_adv0.2_seed43_alpha0.5_cfgFedAvg_CIFAR100_config_exp1.txt
0.5,FangAttack,Mean,legacy_public_baseline,FedAvg_CIFAR100_config,44,2,199,0.471400,47.1400,0.030300,/home/cnlab-pu/Projects/Poisoning_Resilient_Federated_Learning_Playground/FedAvg/CIFAR100_resnet18/non-iid/CIFAR100_resnet18_non-iid_FangAttack_Mean_200_20_0.05_FedAvg_adv0.2_seed44_alpha0.5_cfgFedAvg_CIFAR100_config_exp2.txt
0.5,FangAttack,Mean,legacy_public_baseline,FedAvg_CIFAR100_config,45,3,199,0.463100,46.3100,0.031200,/home/cnlab-pu/Projects/Poisoning_Resilient_Federated_Learning_Playground/FedAvg/CIFAR100_resnet18/non-iid/CIFAR100_resnet18_non-iid_FangAttack_Mean_200_20_0.05_FedAvg_adv0.2_seed45_alpha0.5_cfgFedAvg_CIFAR100_config_exp3.txt
0.5,FangAttack,Mean,legacy_public_baseline,FedAvg_CIFAR100_config,46,4,199,0.481000,48.1000,0.030100,/home/cnlab-pu/Projects/Poisoning_Resilient_Federated_Learning_Playground/FedAvg/CIFAR100_resnet18/non-iid/CIFAR100_resnet18_non-iid_FangAttack_Mean_200_20_0.05_FedAvg_adv0.2_seed46_alpha0.5_cfgFedAvg_CIFAR100_config_exp4.txt
0.5,FangAttack,MultiKrum,legacy_public_baseline,FedAvg_CIFAR100_config,42,0,199,0.336900,33.6900,0.040000,/home/cnlab-pu/Projects/Poisoning_Resilient_Federated_Learning_Playground/FedAvg/CIFAR100_resnet18/non-iid/CIFAR100_resnet18_non-iid_FangAttack_MultiKrum_200_20_0.05_FedAvg_adv0.2_seed42_alpha0.5_cfgFedAvg_CIFAR100_config_exp0.txt
0.5,FangAttack,MultiKrum,legacy_public_baseline,FedAvg_CIFAR100_config,43,1,199,0.344500,34.4500,0.039800,/home/cnlab-pu/Projects/Poisoning_Resilient_Federated_Learning_Playground/FedAvg/CIFAR100_resnet18/non-iid/CIFAR100_resnet18_non-iid_FangAttack_MultiKrum_200_20_0.05_FedAvg_adv0.2_seed43_alpha0.5_cfgFedAvg_CIFAR100_config_exp1.txt
0.5,FangAttack,MultiKrum,legacy_public_baseline,FedAvg_CIFAR100_config,44,2,199,0.334200,33.4200,0.040200,/home/cnlab-pu/Projects/Poisoning_Resilient_Federated_Learning_Playground/FedAvg/CIFAR100_resnet18/non-iid/CIFAR100_resnet18_non-iid_FangAttack_MultiKrum_200_20_0.05_FedAvg_adv0.2_seed44_alpha0.5_cfgFedAvg_CIFAR100_config_exp2.txt
0.5,FangAttack,MultiKrum,legacy_public_baseline,FedAvg_CIFAR100_config,45,3,199,0.314200,31.4200,0.042200,/home/cnlab-pu/Projects/Poisoning_Resilient_Federated_Learning_Playground/FedAvg/CIFAR100_resnet18/non-iid/CIFAR100_resnet18_non-iid_FangAttack_MultiKrum_200_20_0.05_FedAvg_adv0.2_seed45_alpha0.5_cfgFedAvg_CIFAR100_config_exp3.txt
0.5,FangAttack,MultiKrum,legacy_public_baseline,FedAvg_CIFAR100_config,46,4,199,0.322500,32.2500,0.041200,/home/cnlab-pu/Projects/Poisoning_Resilient_Federated_Learning_Playground/FedAvg/CIFAR100_resnet18/non-iid/CIFAR100_resnet18_non-iid_FangAttack_MultiKrum_200_20_0.05_FedAvg_adv0.2_seed46_alpha0.5_cfgFedAvg_CIFAR100_config_exp4.txt
0.5,FangAttack,NormClipping,legacy_public_baseline,FedAvg_CIFAR100_config,42,0,199,0.182300,18.2300,0.053500,/home/cnlab-pu/Projects/Poisoning_Resilient_Federated_Learning_Playground/FedAvg/CIFAR100_resnet18/non-iid/CIFAR100_resnet18_non-iid_FangAttack_NormClipping_200_20_0.05_FedAvg_adv0.2_seed42_alpha0.5_cfgFedAvg_CIFAR100_config_exp0.txt
0.5,FangAttack,NormClipping,legacy_public_baseline,FedAvg_CIFAR100_config,43,1,199,0.213500,21.3500,0.050700,/home/cnlab-pu/Projects/Poisoning_Resilient_Federated_Learning_Playground/FedAvg/CIFAR100_resnet18/non-iid/CIFAR100_resnet18_non-iid_FangAttack_NormClipping_200_20_0.05_FedAvg_adv0.2_seed43_alpha0.5_cfgFedAvg_CIFAR100_config_exp1.txt
0.5,FangAttack,NormClipping,legacy_public_baseline,FedAvg_CIFAR100_config,44,2,199,0.216500,21.6500,0.051100,/home/cnlab-pu/Projects/Poisoning_Resilient_Federated_Learning_Playground/FedAvg/CIFAR100_resnet18/non-iid/CIFAR100_resnet18_non-iid_FangAttack_NormClipping_200_20_0.05_FedAvg_adv0.2_seed44_alpha0.5_cfgFedAvg_CIFAR100_config_exp2.txt
0.5,FangAttack,NormClipping,legacy_public_baseline,FedAvg_CIFAR100_config,45,3,199,0.205700,20.5700,0.051900,/home/cnlab-pu/Projects/Poisoning_Resilient_Federated_Learning_Playground/FedAvg/CIFAR100_resnet18/non-iid/CIFAR100_resnet18_non-iid_FangAttack_NormClipping_200_20_0.05_FedAvg_adv0.2_seed45_alpha0.5_cfgFedAvg_CIFAR100_config_exp3.txt
0.5,FangAttack,NormClipping,legacy_public_baseline,FedAvg_CIFAR100_config,46,4,199,0.214200,21.4200,0.051300,/home/cnlab-pu/Projects/Poisoning_Resilient_Federated_Learning_Playground/FedAvg/CIFAR100_resnet18/non-iid/CIFAR100_resnet18_non-iid_FangAttack_NormClipping_200_20_0.05_FedAvg_adv0.2_seed46_alpha0.5_cfgFedAvg_CIFAR100_config_exp4.txt
0.5,FangAttack,TrimmedMean,final_locked_protocol,FedAvg_CIFAR100_Resnet18_protocol,42,0,199,0.549800,54.9800,0.025100,/home/cnlab-pu/Projects/Poisoning_Resilient_Federated_Learning_Playground/FedAvg/CIFAR100_resnet18/non-iid/CIFAR100_resnet18_non-iid_FangAttack_TrimmedMean_200_20_0.05_FedAvg_adv0.2_seed42_alpha0.5_cfgFedAvg_CIFAR100_Resnet18_protocol_exp0.txt
0.5,FangAttack,TrimmedMean,final_locked_protocol,FedAvg_CIFAR100_Resnet18_protocol,43,1,199,0.546100,54.6100,0.025800,/home/cnlab-pu/Projects/Poisoning_Resilient_Federated_Learning_Playground/FedAvg/CIFAR100_resnet18/non-iid/CIFAR100_resnet18_non-iid_FangAttack_TrimmedMean_200_20_0.05_FedAvg_adv0.2_seed43_alpha0.5_cfgFedAvg_CIFAR100_Resnet18_protocol_exp1.txt
0.5,FangAttack,TrimmedMean,final_locked_protocol,FedAvg_CIFAR100_Resnet18_protocol,44,2,199,0.535000,53.5000,0.026300,/home/cnlab-pu/Projects/Poisoning_Resilient_Federated_Learning_Playground/FedAvg/CIFAR100_resnet18/non-iid/CIFAR100_resnet18_non-iid_FangAttack_TrimmedMean_200_20_0.05_FedAvg_adv0.2_seed44_alpha0.5_cfgFedAvg_CIFAR100_Resnet18_protocol_exp2.txt
0.5,MinMax,CARAT,final_locked_protocol,FedAvg_CIFAR100_Resnet18_protocol,42,0,199,0.546600,54.6600,0.025100,/home/cnlab-pu/Projects/Poisoning_Resilient_Federated_Learning_Playground/FedAvg/CIFAR100_resnet18/non-iid/CIFAR100_resnet18_non-iid_MinMax_CARAT_200_20_0.05_FedAvg_adv0.2_seed42_alpha0.5_cfgFedAvg_CIFAR100_Resnet18_protocol_exp0.txt
0.5,MinMax,CARAT,final_locked_protocol,FedAvg_CIFAR100_Resnet18_protocol,43,1,199,0.524400,52.4400,0.026700,/home/cnlab-pu/Projects/Poisoning_Resilient_Federated_Learning_Playground/FedAvg/CIFAR100_resnet18/non-iid/CIFAR100_resnet18_non-iid_MinMax_CARAT_200_20_0.05_FedAvg_adv0.2_seed43_alpha0.5_cfgFedAvg_CIFAR100_Resnet18_protocol_exp1.txt
0.5,MinMax,CARAT,final_locked_protocol,FedAvg_CIFAR100_Resnet18_protocol,44,2,199,0.538200,53.8200,0.025500,/home/cnlab-pu/Projects/Poisoning_Resilient_Federated_Learning_Playground/FedAvg/CIFAR100_resnet18/non-iid/CIFAR100_resnet18_non-iid_MinMax_CARAT_200_20_0.05_FedAvg_adv0.2_seed44_alpha0.5_cfgFedAvg_CIFAR100_Resnet18_protocol_exp2.txt
0.5,MinMax,FLDetector,legacy_public_baseline,FedAvg_CIFAR100_config,42,0,199,0.487800,48.7800,0.029500,/home/cnlab-pu/Projects/Poisoning_Resilient_Federated_Learning_Playground/FedAvg/CIFAR100_resnet18/non-iid/CIFAR100_resnet18_non-iid_MinMax_FLDetector_200_20_0.05_FedAvg_adv0.2_seed42_alpha0.5_cfgFedAvg_CIFAR100_config_exp0.txt
0.5,MinMax,FLDetector,legacy_public_baseline,FedAvg_CIFAR100_config,43,1,199,0.493300,49.3300,0.028900,/home/cnlab-pu/Projects/Poisoning_Resilient_Federated_Learning_Playground/FedAvg/CIFAR100_resnet18/non-iid/CIFAR100_resnet18_non-iid_MinMax_FLDetector_200_20_0.05_FedAvg_adv0.2_seed43_alpha0.5_cfgFedAvg_CIFAR100_config_exp1.txt
0.5,MinMax,FLDetector,legacy_public_baseline,FedAvg_CIFAR100_config,44,2,199,0.487200,48.7200,0.029200,/home/cnlab-pu/Projects/Poisoning_Resilient_Federated_Learning_Playground/FedAvg/CIFAR100_resnet18/non-iid/CIFAR100_resnet18_non-iid_MinMax_FLDetector_200_20_0.05_FedAvg_adv0.2_seed44_alpha0.5_cfgFedAvg_CIFAR100_config_exp2.txt
0.5,MinMax,FLDetector,legacy_public_baseline,FedAvg_CIFAR100_config,45,3,199,0.480700,48.0700,0.030000,/home/cnlab-pu/Projects/Poisoning_Resilient_Federated_Learning_Playground/FedAvg/CIFAR100_resnet18/non-iid/CIFAR100_resnet18_non-iid_MinMax_FLDetector_200_20_0.05_FedAvg_adv0.2_seed45_alpha0.5_cfgFedAvg_CIFAR100_config_exp3.txt
0.5,MinMax,FLDetector,legacy_public_baseline,FedAvg_CIFAR100_config,46,4,199,0.493700,49.3700,0.029300,/home/cnlab-pu/Projects/Poisoning_Resilient_Federated_Learning_Playground/FedAvg/CIFAR100_resnet18/non-iid/CIFAR100_resnet18_non-iid_MinMax_FLDetector_200_20_0.05_FedAvg_adv0.2_seed46_alpha0.5_cfgFedAvg_CIFAR100_config_exp4.txt
0.5,MinMax,FLTrust,final_locked_protocol,FedAvg_CIFAR100_Resnet18_protocol,42,0,199,0.394700,39.4700,0.036000,/home/cnlab-pu/Projects/Poisoning_Resilient_Federated_Learning_Playground/FedAvg/CIFAR100_resnet18/non-iid/CIFAR100_resnet18_non-iid_MinMax_FLTrust_200_20_0.05_FedAvg_adv0.2_seed42_alpha0.5_cfgFedAvg_CIFAR100_Resnet18_protocol_exp0.txt
0.5,MinMax,FLTrust,final_locked_protocol,FedAvg_CIFAR100_Resnet18_protocol,43,1,199,0.397900,39.7900,0.036200,/home/cnlab-pu/Projects/Poisoning_Resilient_Federated_Learning_Playground/FedAvg/CIFAR100_resnet18/non-iid/CIFAR100_resnet18_non-iid_MinMax_FLTrust_200_20_0.05_FedAvg_adv0.2_seed43_alpha0.5_cfgFedAvg_CIFAR100_Resnet18_protocol_exp1.txt
0.5,MinMax,FLTrust,final_locked_protocol,FedAvg_CIFAR100_Resnet18_protocol,44,2,199,0.392500,39.2500,0.036400,/home/cnlab-pu/Projects/Poisoning_Resilient_Federated_Learning_Playground/FedAvg/CIFAR100_resnet18/non-iid/CIFAR100_resnet18_non-iid_MinMax_FLTrust_200_20_0.05_FedAvg_adv0.2_seed44_alpha0.5_cfgFedAvg_CIFAR100_Resnet18_protocol_exp2.txt
0.5,MinMax,Mean,legacy_public_baseline,FedAvg_CIFAR100_config,42,0,199,0.486900,48.6900,0.029300,/home/cnlab-pu/Projects/Poisoning_Resilient_Federated_Learning_Playground/FedAvg/CIFAR100_resnet18/non-iid/CIFAR100_resnet18_non-iid_MinMax_Mean_200_20_0.05_FedAvg_adv0.2_seed42_alpha0.5_cfgFedAvg_CIFAR100_config_exp0.txt
0.5,MinMax,Mean,legacy_public_baseline,FedAvg_CIFAR100_config,43,1,199,0.488900,48.8900,0.029100,/home/cnlab-pu/Projects/Poisoning_Resilient_Federated_Learning_Playground/FedAvg/CIFAR100_resnet18/non-iid/CIFAR100_resnet18_non-iid_MinMax_Mean_200_20_0.05_FedAvg_adv0.2_seed43_alpha0.5_cfgFedAvg_CIFAR100_config_exp1.txt
0.5,MinMax,Mean,legacy_public_baseline,FedAvg_CIFAR100_config,44,2,199,0.490700,49.0700,0.029300,/home/cnlab-pu/Projects/Poisoning_Resilient_Federated_Learning_Playground/FedAvg/CIFAR100_resnet18/non-iid/CIFAR100_resnet18_non-iid_MinMax_Mean_200_20_0.05_FedAvg_adv0.2_seed44_alpha0.5_cfgFedAvg_CIFAR100_config_exp2.txt
0.5,MinMax,Mean,legacy_public_baseline,FedAvg_CIFAR100_config,45,3,199,0.484500,48.4500,0.029500,/home/cnlab-pu/Projects/Poisoning_Resilient_Federated_Learning_Playground/FedAvg/CIFAR100_resnet18/non-iid/CIFAR100_resnet18_non-iid_MinMax_Mean_200_20_0.05_FedAvg_adv0.2_seed45_alpha0.5_cfgFedAvg_CIFAR100_config_exp3.txt
0.5,MinMax,Mean,legacy_public_baseline,FedAvg_CIFAR100_config,46,4,199,0.492800,49.2800,0.029200,/home/cnlab-pu/Projects/Poisoning_Resilient_Federated_Learning_Playground/FedAvg/CIFAR100_resnet18/non-iid/CIFAR100_resnet18_non-iid_MinMax_Mean_200_20_0.05_FedAvg_adv0.2_seed46_alpha0.5_cfgFedAvg_CIFAR100_config_exp4.txt
0.5,MinMax,MultiKrum,legacy_public_baseline,FedAvg_CIFAR100_config,42,0,199,0.466800,46.6800,0.030500,/home/cnlab-pu/Projects/Poisoning_Resilient_Federated_Learning_Playground/FedAvg/CIFAR100_resnet18/non-iid/CIFAR100_resnet18_non-iid_MinMax_MultiKrum_200_20_0.05_FedAvg_adv0.2_seed42_alpha0.5_cfgFedAvg_CIFAR100_config_exp0.txt
0.5,MinMax,MultiKrum,legacy_public_baseline,FedAvg_CIFAR100_config,43,1,199,0.467200,46.7200,0.030500,/home/cnlab-pu/Projects/Poisoning_Resilient_Federated_Learning_Playground/FedAvg/CIFAR100_resnet18/non-iid/CIFAR100_resnet18_non-iid_MinMax_MultiKrum_200_20_0.05_FedAvg_adv0.2_seed43_alpha0.5_cfgFedAvg_CIFAR100_config_exp1.txt
0.5,MinMax,MultiKrum,legacy_public_baseline,FedAvg_CIFAR100_config,44,2,199,0.474400,47.4400,0.030100,/home/cnlab-pu/Projects/Poisoning_Resilient_Federated_Learning_Playground/FedAvg/CIFAR100_resnet18/non-iid/CIFAR100_resnet18_non-iid_MinMax_MultiKrum_200_20_0.05_FedAvg_adv0.2_seed44_alpha0.5_cfgFedAvg_CIFAR100_config_exp2.txt
0.5,MinMax,MultiKrum,legacy_public_baseline,FedAvg_CIFAR100_config,45,3,199,0.447400,44.7400,0.031700,/home/cnlab-pu/Projects/Poisoning_Resilient_Federated_Learning_Playground/FedAvg/CIFAR100_resnet18/non-iid/CIFAR100_resnet18_non-iid_MinMax_MultiKrum_200_20_0.05_FedAvg_adv0.2_seed45_alpha0.5_cfgFedAvg_CIFAR100_config_exp3.txt
0.5,MinMax,MultiKrum,legacy_public_baseline,FedAvg_CIFAR100_config,46,4,199,0.473700,47.3700,0.030300,/home/cnlab-pu/Projects/Poisoning_Resilient_Federated_Learning_Playground/FedAvg/CIFAR100_resnet18/non-iid/CIFAR100_resnet18_non-iid_MinMax_MultiKrum_200_20_0.05_FedAvg_adv0.2_seed46_alpha0.5_cfgFedAvg_CIFAR100_config_exp4.txt
0.5,MinMax,NormClipping,legacy_public_baseline,FedAvg_CIFAR100_config,42,0,199,0.233400,23.3400,0.049300,/home/cnlab-pu/Projects/Poisoning_Resilient_Federated_Learning_Playground/FedAvg/CIFAR100_resnet18/non-iid/CIFAR100_resnet18_non-iid_MinMax_NormClipping_200_20_0.05_FedAvg_adv0.2_seed42_alpha0.5_cfgFedAvg_CIFAR100_config_exp0.txt
0.5,MinMax,NormClipping,legacy_public_baseline,FedAvg_CIFAR100_config,43,1,199,0.239000,23.9000,0.049100,/home/cnlab-pu/Projects/Poisoning_Resilient_Federated_Learning_Playground/FedAvg/CIFAR100_resnet18/non-iid/CIFAR100_resnet18_non-iid_MinMax_NormClipping_200_20_0.05_FedAvg_adv0.2_seed43_alpha0.5_cfgFedAvg_CIFAR100_config_exp1.txt
0.5,MinMax,NormClipping,legacy_public_baseline,FedAvg_CIFAR100_config,44,2,199,0.232700,23.2700,0.049800,/home/cnlab-pu/Projects/Poisoning_Resilient_Federated_Learning_Playground/FedAvg/CIFAR100_resnet18/non-iid/CIFAR100_resnet18_non-iid_MinMax_NormClipping_200_20_0.05_FedAvg_adv0.2_seed44_alpha0.5_cfgFedAvg_CIFAR100_config_exp2.txt
0.5,MinMax,NormClipping,legacy_public_baseline,FedAvg_CIFAR100_config,45,3,199,0.229200,22.9200,0.050200,/home/cnlab-pu/Projects/Poisoning_Resilient_Federated_Learning_Playground/FedAvg/CIFAR100_resnet18/non-iid/CIFAR100_resnet18_non-iid_MinMax_NormClipping_200_20_0.05_FedAvg_adv0.2_seed45_alpha0.5_cfgFedAvg_CIFAR100_config_exp3.txt
0.5,MinMax,NormClipping,legacy_public_baseline,FedAvg_CIFAR100_config,46,4,199,0.229500,22.9500,0.049900,/home/cnlab-pu/Projects/Poisoning_Resilient_Federated_Learning_Playground/FedAvg/CIFAR100_resnet18/non-iid/CIFAR100_resnet18_non-iid_MinMax_NormClipping_200_20_0.05_FedAvg_adv0.2_seed46_alpha0.5_cfgFedAvg_CIFAR100_config_exp4.txt
0.5,MinMax,TrimmedMean,final_locked_protocol,FedAvg_CIFAR100_Resnet18_protocol,42,0,199,0.568900,56.8900,0.024200,/home/cnlab-pu/Projects/Poisoning_Resilient_Federated_Learning_Playground/FedAvg/CIFAR100_resnet18/non-iid/CIFAR100_resnet18_non-iid_MinMax_TrimmedMean_200_20_0.05_FedAvg_adv0.2_seed42_alpha0.5_cfgFedAvg_CIFAR100_Resnet18_protocol_exp0.txt
0.5,MinMax,TrimmedMean,final_locked_protocol,FedAvg_CIFAR100_Resnet18_protocol,43,1,199,0.558600,55.8600,0.024700,/home/cnlab-pu/Projects/Poisoning_Resilient_Federated_Learning_Playground/FedAvg/CIFAR100_resnet18/non-iid/CIFAR100_resnet18_non-iid_MinMax_TrimmedMean_200_20_0.05_FedAvg_adv0.2_seed43_alpha0.5_cfgFedAvg_CIFAR100_Resnet18_protocol_exp1.txt
0.5,MinMax,TrimmedMean,final_locked_protocol,FedAvg_CIFAR100_Resnet18_protocol,44,2,199,0.545600,54.5600,0.025400,/home/cnlab-pu/Projects/Poisoning_Resilient_Federated_Learning_Playground/FedAvg/CIFAR100_resnet18/non-iid/CIFAR100_resnet18_non-iid_MinMax_TrimmedMean_200_20_0.05_FedAvg_adv0.2_seed44_alpha0.5_cfgFedAvg_CIFAR100_Resnet18_protocol_exp2.txt
0.5,MinSum,CARAT,final_locked_protocol,FedAvg_CIFAR100_Resnet18_protocol,42,0,199,0.540300,54.0300,0.026000,/home/cnlab-pu/Projects/Poisoning_Resilient_Federated_Learning_Playground/FedAvg/CIFAR100_resnet18/non-iid/CIFAR100_resnet18_non-iid_MinSum_CARAT_200_20_0.05_FedAvg_adv0.2_seed42_alpha0.5_cfgFedAvg_CIFAR100_Resnet18_protocol_exp0.txt
0.5,MinSum,CARAT,final_locked_protocol,FedAvg_CIFAR100_Resnet18_protocol,43,1,199,0.538400,53.8400,0.026100,/home/cnlab-pu/Projects/Poisoning_Resilient_Federated_Learning_Playground/FedAvg/CIFAR100_resnet18/non-iid/CIFAR100_resnet18_non-iid_MinSum_CARAT_200_20_0.05_FedAvg_adv0.2_seed43_alpha0.5_cfgFedAvg_CIFAR100_Resnet18_protocol_exp1.txt
0.5,MinSum,CARAT,final_locked_protocol,FedAvg_CIFAR100_Resnet18_protocol,44,2,199,0.544200,54.4200,0.025400,/home/cnlab-pu/Projects/Poisoning_Resilient_Federated_Learning_Playground/FedAvg/CIFAR100_resnet18/non-iid/CIFAR100_resnet18_non-iid_MinSum_CARAT_200_20_0.05_FedAvg_adv0.2_seed44_alpha0.5_cfgFedAvg_CIFAR100_Resnet18_protocol_exp2.txt
0.5,MinSum,FLDetector,legacy_public_baseline,FedAvg_CIFAR100_config,42,0,199,0.494100,49.4100,0.028900,/home/cnlab-pu/Projects/Poisoning_Resilient_Federated_Learning_Playground/FedAvg/CIFAR100_resnet18/non-iid/CIFAR100_resnet18_non-iid_MinSum_FLDetector_200_20_0.05_FedAvg_adv0.2_seed42_alpha0.5_cfgFedAvg_CIFAR100_config_exp0.txt
0.5,MinSum,FLDetector,legacy_public_baseline,FedAvg_CIFAR100_config,43,1,199,0.492500,49.2500,0.029000,/home/cnlab-pu/Projects/Poisoning_Resilient_Federated_Learning_Playground/FedAvg/CIFAR100_resnet18/non-iid/CIFAR100_resnet18_non-iid_MinSum_FLDetector_200_20_0.05_FedAvg_adv0.2_seed43_alpha0.5_cfgFedAvg_CIFAR100_config_exp1.txt
0.5,MinSum,FLDetector,legacy_public_baseline,FedAvg_CIFAR100_config,44,2,199,0.495900,49.5900,0.028800,/home/cnlab-pu/Projects/Poisoning_Resilient_Federated_Learning_Playground/FedAvg/CIFAR100_resnet18/non-iid/CIFAR100_resnet18_non-iid_MinSum_FLDetector_200_20_0.05_FedAvg_adv0.2_seed44_alpha0.5_cfgFedAvg_CIFAR100_config_exp2.txt
0.5,MinSum,FLDetector,legacy_public_baseline,FedAvg_CIFAR100_config,45,3,199,0.478400,47.8400,0.029900,/home/cnlab-pu/Projects/Poisoning_Resilient_Federated_Learning_Playground/FedAvg/CIFAR100_resnet18/non-iid/CIFAR100_resnet18_non-iid_MinSum_FLDetector_200_20_0.05_FedAvg_adv0.2_seed45_alpha0.5_cfgFedAvg_CIFAR100_config_exp3.txt
0.5,MinSum,FLDetector,legacy_public_baseline,FedAvg_CIFAR100_config,46,4,199,0.489500,48.9500,0.029500,/home/cnlab-pu/Projects/Poisoning_Resilient_Federated_Learning_Playground/FedAvg/CIFAR100_resnet18/non-iid/CIFAR100_resnet18_non-iid_MinSum_FLDetector_200_20_0.05_FedAvg_adv0.2_seed46_alpha0.5_cfgFedAvg_CIFAR100_config_exp4.txt
0.5,MinSum,FLTrust,final_locked_protocol,FedAvg_CIFAR100_Resnet18_protocol,42,0,199,0.390700,39.0700,0.036200,/home/cnlab-pu/Projects/Poisoning_Resilient_Federated_Learning_Playground/FedAvg/CIFAR100_resnet18/non-iid/CIFAR100_resnet18_non-iid_MinSum_FLTrust_200_20_0.05_FedAvg_adv0.2_seed42_alpha0.5_cfgFedAvg_CIFAR100_Resnet18_protocol_exp0.txt
0.5,MinSum,FLTrust,final_locked_protocol,FedAvg_CIFAR100_Resnet18_protocol,43,1,199,0.396900,39.6900,0.036300,/home/cnlab-pu/Projects/Poisoning_Resilient_Federated_Learning_Playground/FedAvg/CIFAR100_resnet18/non-iid/CIFAR100_resnet18_non-iid_MinSum_FLTrust_200_20_0.05_FedAvg_adv0.2_seed43_alpha0.5_cfgFedAvg_CIFAR100_Resnet18_protocol_exp1.txt
0.5,MinSum,FLTrust,final_locked_protocol,FedAvg_CIFAR100_Resnet18_protocol,44,2,199,0.397200,39.7200,0.035900,/home/cnlab-pu/Projects/Poisoning_Resilient_Federated_Learning_Playground/FedAvg/CIFAR100_resnet18/non-iid/CIFAR100_resnet18_non-iid_MinSum_FLTrust_200_20_0.05_FedAvg_adv0.2_seed44_alpha0.5_cfgFedAvg_CIFAR100_Resnet18_protocol_exp2.txt
0.5,MinSum,Mean,legacy_public_baseline,FedAvg_CIFAR100_config,42,0,199,0.493000,49.3000,0.028900,/home/cnlab-pu/Projects/Poisoning_Resilient_Federated_Learning_Playground/FedAvg/CIFAR100_resnet18/non-iid/CIFAR100_resnet18_non-iid_MinSum_Mean_200_20_0.05_FedAvg_adv0.2_seed42_alpha0.5_cfgFedAvg_CIFAR100_config_exp0.txt
0.5,MinSum,Mean,legacy_public_baseline,FedAvg_CIFAR100_config,43,1,199,0.492900,49.2900,0.029100,/home/cnlab-pu/Projects/Poisoning_Resilient_Federated_Learning_Playground/FedAvg/CIFAR100_resnet18/non-iid/CIFAR100_resnet18_non-iid_MinSum_Mean_200_20_0.05_FedAvg_adv0.2_seed43_alpha0.5_cfgFedAvg_CIFAR100_config_exp1.txt
0.5,MinSum,Mean,legacy_public_baseline,FedAvg_CIFAR100_config,44,2,199,0.489500,48.9500,0.029200,/home/cnlab-pu/Projects/Poisoning_Resilient_Federated_Learning_Playground/FedAvg/CIFAR100_resnet18/non-iid/CIFAR100_resnet18_non-iid_MinSum_Mean_200_20_0.05_FedAvg_adv0.2_seed44_alpha0.5_cfgFedAvg_CIFAR100_config_exp2.txt
0.5,MinSum,Mean,legacy_public_baseline,FedAvg_CIFAR100_config,45,3,199,0.480200,48.0200,0.030000,/home/cnlab-pu/Projects/Poisoning_Resilient_Federated_Learning_Playground/FedAvg/CIFAR100_resnet18/non-iid/CIFAR100_resnet18_non-iid_MinSum_Mean_200_20_0.05_FedAvg_adv0.2_seed45_alpha0.5_cfgFedAvg_CIFAR100_config_exp3.txt
0.5,MinSum,Mean,legacy_public_baseline,FedAvg_CIFAR100_config,46,4,199,0.488500,48.8500,0.029400,/home/cnlab-pu/Projects/Poisoning_Resilient_Federated_Learning_Playground/FedAvg/CIFAR100_resnet18/non-iid/CIFAR100_resnet18_non-iid_MinSum_Mean_200_20_0.05_FedAvg_adv0.2_seed46_alpha0.5_cfgFedAvg_CIFAR100_config_exp4.txt
0.5,MinSum,MultiKrum,legacy_public_baseline,FedAvg_CIFAR100_config,42,0,199,0.464100,46.4100,0.030700,/home/cnlab-pu/Projects/Poisoning_Resilient_Federated_Learning_Playground/FedAvg/CIFAR100_resnet18/non-iid/CIFAR100_resnet18_non-iid_MinSum_MultiKrum_200_20_0.05_FedAvg_adv0.2_seed42_alpha0.5_cfgFedAvg_CIFAR100_config_exp0.txt
0.5,MinSum,MultiKrum,legacy_public_baseline,FedAvg_CIFAR100_config,43,1,199,0.471600,47.1600,0.030300,/home/cnlab-pu/Projects/Poisoning_Resilient_Federated_Learning_Playground/FedAvg/CIFAR100_resnet18/non-iid/CIFAR100_resnet18_non-iid_MinSum_MultiKrum_200_20_0.05_FedAvg_adv0.2_seed43_alpha0.5_cfgFedAvg_CIFAR100_config_exp1.txt
0.5,MinSum,MultiKrum,legacy_public_baseline,FedAvg_CIFAR100_config,44,2,199,0.465500,46.5500,0.030600,/home/cnlab-pu/Projects/Poisoning_Resilient_Federated_Learning_Playground/FedAvg/CIFAR100_resnet18/non-iid/CIFAR100_resnet18_non-iid_MinSum_MultiKrum_200_20_0.05_FedAvg_adv0.2_seed44_alpha0.5_cfgFedAvg_CIFAR100_config_exp2.txt
0.5,MinSum,MultiKrum,legacy_public_baseline,FedAvg_CIFAR100_config,45,3,199,0.451400,45.1400,0.031800,/home/cnlab-pu/Projects/Poisoning_Resilient_Federated_Learning_Playground/FedAvg/CIFAR100_resnet18/non-iid/CIFAR100_resnet18_non-iid_MinSum_MultiKrum_200_20_0.05_FedAvg_adv0.2_seed45_alpha0.5_cfgFedAvg_CIFAR100_config_exp3.txt
0.5,MinSum,MultiKrum,legacy_public_baseline,FedAvg_CIFAR100_config,46,4,199,0.470000,47.0000,0.030500,/home/cnlab-pu/Projects/Poisoning_Resilient_Federated_Learning_Playground/FedAvg/CIFAR100_resnet18/non-iid/CIFAR100_resnet18_non-iid_MinSum_MultiKrum_200_20_0.05_FedAvg_adv0.2_seed46_alpha0.5_cfgFedAvg_CIFAR100_config_exp4.txt
0.5,MinSum,NormClipping,legacy_public_baseline,FedAvg_CIFAR100_config,42,0,199,0.231900,23.1900,0.049400,/home/cnlab-pu/Projects/Poisoning_Resilient_Federated_Learning_Playground/FedAvg/CIFAR100_resnet18/non-iid/CIFAR100_resnet18_non-iid_MinSum_NormClipping_200_20_0.05_FedAvg_adv0.2_seed42_alpha0.5_cfgFedAvg_CIFAR100_config_exp0.txt
0.5,MinSum,NormClipping,legacy_public_baseline,FedAvg_CIFAR100_config,43,1,199,0.235700,23.5700,0.049400,/home/cnlab-pu/Projects/Poisoning_Resilient_Federated_Learning_Playground/FedAvg/CIFAR100_resnet18/non-iid/CIFAR100_resnet18_non-iid_MinSum_NormClipping_200_20_0.05_FedAvg_adv0.2_seed43_alpha0.5_cfgFedAvg_CIFAR100_config_exp1.txt
0.5,MinSum,NormClipping,legacy_public_baseline,FedAvg_CIFAR100_config,44,2,199,0.229700,22.9700,0.049800,/home/cnlab-pu/Projects/Poisoning_Resilient_Federated_Learning_Playground/FedAvg/CIFAR100_resnet18/non-iid/CIFAR100_resnet18_non-iid_MinSum_NormClipping_200_20_0.05_FedAvg_adv0.2_seed44_alpha0.5_cfgFedAvg_CIFAR100_config_exp2.txt
0.5,MinSum,NormClipping,legacy_public_baseline,FedAvg_CIFAR100_config,45,3,199,0.226000,22.6000,0.050200,/home/cnlab-pu/Projects/Poisoning_Resilient_Federated_Learning_Playground/FedAvg/CIFAR100_resnet18/non-iid/CIFAR100_resnet18_non-iid_MinSum_NormClipping_200_20_0.05_FedAvg_adv0.2_seed45_alpha0.5_cfgFedAvg_CIFAR100_config_exp3.txt
0.5,MinSum,NormClipping,legacy_public_baseline,FedAvg_CIFAR100_config,46,4,199,0.222800,22.2800,0.050200,/home/cnlab-pu/Projects/Poisoning_Resilient_Federated_Learning_Playground/FedAvg/CIFAR100_resnet18/non-iid/CIFAR100_resnet18_non-iid_MinSum_NormClipping_200_20_0.05_FedAvg_adv0.2_seed46_alpha0.5_cfgFedAvg_CIFAR100_config_exp4.txt
0.5,MinSum,TrimmedMean,final_locked_protocol,FedAvg_CIFAR100_Resnet18_protocol,42,0,199,0.571200,57.1200,0.024100,/home/cnlab-pu/Projects/Poisoning_Resilient_Federated_Learning_Playground/FedAvg/CIFAR100_resnet18/non-iid/CIFAR100_resnet18_non-iid_MinSum_TrimmedMean_200_20_0.05_FedAvg_adv0.2_seed42_alpha0.5_cfgFedAvg_CIFAR100_Resnet18_protocol_exp0.txt
0.5,MinSum,TrimmedMean,final_locked_protocol,FedAvg_CIFAR100_Resnet18_protocol,43,1,199,0.549500,54.9500,0.025300,/home/cnlab-pu/Projects/Poisoning_Resilient_Federated_Learning_Playground/FedAvg/CIFAR100_resnet18/non-iid/CIFAR100_resnet18_non-iid_MinSum_TrimmedMean_200_20_0.05_FedAvg_adv0.2_seed43_alpha0.5_cfgFedAvg_CIFAR100_Resnet18_protocol_exp1.txt
0.5,MinSum,TrimmedMean,final_locked_protocol,FedAvg_CIFAR100_Resnet18_protocol,44,2,199,0.554300,55.4300,0.024900,/home/cnlab-pu/Projects/Poisoning_Resilient_Federated_Learning_Playground/FedAvg/CIFAR100_resnet18/non-iid/CIFAR100_resnet18_non-iid_MinSum_TrimmedMean_200_20_0.05_FedAvg_adv0.2_seed44_alpha0.5_cfgFedAvg_CIFAR100_Resnet18_protocol_exp2.txt
