dataset,model,iid,attack,defense,algo,epochs_cfg,num_clients,lr,adv,alpha,seed,expid,max_epoch,drop_reason,cause,cause_detail,segment_file,source_out,source_err,segment_has_training_finished
CIFAR10,vgg19,iid,FangAttack,FLDetector,FedAvg,200,20,0.05,0.3,NA,45,3,42,max_epoch_lt_target,time_limit,slurm time limit,/home/fengye/scratch/FL_Poison/logs_from_slurm_split_20260312/FedAvg/CIFAR10_vgg19/iid/CIFAR10_vgg19_iid_FangAttack_FLDetector_200_20_0.05_FedAvg_adv0.3_seed45_cfgFedAvg_CIFAR10_config_exp3.txt,/home/fengye/slurm/compute_canada_flpoison_CIFAR10.sh_24606948_56.out,/home/fengye/slurm/compute_canada_flpoison_CIFAR10.sh_24606948_56.err,False
CIFAR10,vgg19,iid,FangAttack,FLTrust,FedAvg,200,20,0.05,0.3,NA,45,3,110,max_epoch_lt_target,time_limit,slurm time limit,/home/fengye/scratch/FL_Poison/logs_from_slurm_split_20260312/FedAvg/CIFAR10_vgg19/iid/CIFAR10_vgg19_iid_FangAttack_FLTrust_200_20_0.05_FedAvg_adv0.3_seed45_cfgFedAvg_CIFAR10_config_exp3.txt,/home/fengye/slurm/compute_canada_flpoison_CIFAR10_FLTrust.sh_24044490_9.out,/home/fengye/slurm/compute_canada_flpoison_CIFAR10_FLTrust.sh_24044490_9.err,False
CIFAR10,vgg19,iid,FangAttack,Mean,FedAvg,200,20,0.05,0.3,NA,45,3,146,max_epoch_lt_target,time_limit,slurm time limit,/home/fengye/scratch/FL_Poison/logs_from_slurm_split_20260312/FedAvg/CIFAR10_vgg19/iid/CIFAR10_vgg19_iid_FangAttack_Mean_200_20_0.05_FedAvg_adv0.3_seed45_cfgFedAvg_CIFAR10_config_exp3.txt,/home/fengye/slurm/compute_canada_flpoison_CIFAR10.sh_24606948_54.out,/home/fengye/slurm/compute_canada_flpoison_CIFAR10.sh_24606948_54.err,False
CIFAR10,vgg19,iid,FangAttack,MultiKrum,FedAvg,200,20,0.05,0.3,NA,45,3,84,max_epoch_lt_target,time_limit,slurm time limit,/home/fengye/scratch/FL_Poison/logs_from_slurm_split_20260312/FedAvg/CIFAR10_vgg19/iid/CIFAR10_vgg19_iid_FangAttack_MultiKrum_200_20_0.05_FedAvg_adv0.3_seed45_cfgFedAvg_CIFAR10_config_exp3.txt,/home/fengye/slurm/compute_canada_flpoison_CIFAR10.sh_24606948_58.out,/home/fengye/slurm/compute_canada_flpoison_CIFAR10.sh_24606948_58.err,False
CIFAR10,vgg19,iid,FangAttack,NormClipping,FedAvg,200,20,0.05,0.3,NA,45,3,46,max_epoch_lt_target,time_limit,slurm time limit,/home/fengye/scratch/FL_Poison/logs_from_slurm_split_20260312/FedAvg/CIFAR10_vgg19/iid/CIFAR10_vgg19_iid_FangAttack_NormClipping_200_20_0.05_FedAvg_adv0.3_seed45_cfgFedAvg_CIFAR10_config_exp3.txt,/home/fengye/slurm/compute_canada_flpoison_CIFAR10.sh_24606948_59.out,/home/fengye/slurm/compute_canada_flpoison_CIFAR10.sh_24606948_59.err,False
CIFAR10,vgg19,iid,FangAttack,TriGuardFL,FedAvg,200,20,0.05,0.3,NA,45,3,65,max_epoch_lt_target,time_limit,slurm time limit,/home/fengye/scratch/FL_Poison/logs_from_slurm_split_20260312/FedAvg/CIFAR10_vgg19/iid/CIFAR10_vgg19_iid_FangAttack_TriGuardFL_200_20_0.05_FedAvg_adv0.3_seed45_cfgFedAvg_CIFAR10_config_exp3.txt,/home/fengye/slurm/compute_canada_flpoison_CIFAR10.sh_24606948_55.out,/home/fengye/slurm/compute_canada_flpoison_CIFAR10.sh_24606948_55.err,False
CIFAR10,vgg19,iid,MinMax,FLDetector,FedAvg,200,20,0.05,0.1,NA,46,4,196,max_epoch_lt_target,time_limit,slurm time limit,/home/fengye/scratch/FL_Poison/logs_from_slurm_split_20260312/FedAvg/CIFAR10_vgg19/iid/CIFAR10_vgg19_iid_MinMax_FLDetector_200_20_0.05_FedAvg_adv0.1_seed46_cfgFedAvg_CIFAR10_config_exp4.txt,/home/fengye/slurm/compute_canada_flpoison_CIFAR10.sh_24542800_8.out,/home/fengye/slurm/compute_canada_flpoison_CIFAR10.sh_24542800_8.err,False
CIFAR10,vgg19,iid,NoAttack,FLDetector,FedAvg,200,20,0.05,0.2,NA,44,2,133,max_epoch_lt_target,python_error,IndexError: slice() cannot be applied to a 0-dim tensor.,/home/fengye/scratch/FL_Poison/logs_from_slurm_split_20260312/FedAvg/CIFAR10_vgg19/iid/CIFAR10_vgg19_iid_NoAttack_FLDetector_200_20_0.05_FedAvg_adv0.2_seed44_cfgFedAvg_CIFAR10_config_exp2.txt,/home/fengye/slurm/compute_canada_flpoison_CIFAR10.sh_24606948_2.out,/home/fengye/slurm/compute_canada_flpoison_CIFAR10.sh_24606948_2.err,False
CIFAR10,vgg19,non-iid,FangAttack,FLDetector,FedAvg,200,20,0.05,0.3,0.1,45,3,124,max_epoch_lt_target,time_limit,slurm time limit,/home/fengye/scratch/FL_Poison/logs_from_slurm_split_20260312/FedAvg/CIFAR10_vgg19/non-iid/CIFAR10_vgg19_non-iid_FangAttack_FLDetector_200_20_0.05_FedAvg_adv0.3_seed45_alpha0.1_cfgFedAvg_CIFAR10_config_exp3.txt,/home/fengye/slurm/compute_canada_flpoison_CIFAR10.sh_24606948_146.out,/home/fengye/slurm/compute_canada_flpoison_CIFAR10.sh_24606948_146.err,False
CIFAR10,vgg19,non-iid,FangAttack,FLDetector,FedAvg,200,20,0.05,0.3,0.5,45,3,121,max_epoch_lt_target,time_limit,slurm time limit,/home/fengye/scratch/FL_Poison/logs_from_slurm_split_20260312/FedAvg/CIFAR10_vgg19/non-iid/CIFAR10_vgg19_non-iid_FangAttack_FLDetector_200_20_0.05_FedAvg_adv0.3_seed45_alpha0.5_cfgFedAvg_CIFAR10_config_exp3.txt,/home/fengye/slurm/compute_canada_flpoison_CIFAR10.sh_24606948_236.out,/home/fengye/slurm/compute_canada_flpoison_CIFAR10.sh_24606948_236.err,False
CIFAR10,vgg19,non-iid,FangAttack,FLDetector,FedAvg,200,20,0.05,0.3,1,45,3,60,max_epoch_lt_target,time_limit,slurm time limit,/home/fengye/scratch/FL_Poison/logs_from_slurm_split_20260312/FedAvg/CIFAR10_vgg19/non-iid/CIFAR10_vgg19_non-iid_FangAttack_FLDetector_200_20_0.05_FedAvg_adv0.3_seed45_alpha1_cfgFedAvg_CIFAR10_config_exp3.txt,/home/fengye/slurm/compute_canada_flpoison_CIFAR10.sh_24606948_326.out,/home/fengye/slurm/compute_canada_flpoison_CIFAR10.sh_24606948_326.err,False
CIFAR10,vgg19,non-iid,FangAttack,FLTrust,FedAvg,200,20,0.05,0.3,0.1,46,4,48,max_epoch_lt_target,time_limit,slurm time limit,/home/fengye/scratch/FL_Poison/logs_from_slurm_split_20260312/FedAvg/CIFAR10_vgg19/non-iid/CIFAR10_vgg19_non-iid_FangAttack_FLTrust_200_20_0.05_FedAvg_adv0.3_seed46_alpha0.1_cfgFedAvg_CIFAR10_config_exp4.txt,/home/fengye/slurm/compute_canada_flpoison_CIFAR10_FLTrust.sh_24044490_24.out,/home/fengye/slurm/compute_canada_flpoison_CIFAR10_FLTrust.sh_24044490_24.err,False
CIFAR10,vgg19,non-iid,FangAttack,FLTrust,FedAvg,200,20,0.05,0.3,0.5,45,3,119,max_epoch_lt_target,time_limit,slurm time limit,/home/fengye/scratch/FL_Poison/logs_from_slurm_split_20260312/FedAvg/CIFAR10_vgg19/non-iid/CIFAR10_vgg19_non-iid_FangAttack_FLTrust_200_20_0.05_FedAvg_adv0.3_seed45_alpha0.5_cfgFedAvg_CIFAR10_config_exp3.txt,/home/fengye/slurm/compute_canada_flpoison_CIFAR10_FLTrust.sh_24044490_39.out,/home/fengye/slurm/compute_canada_flpoison_CIFAR10_FLTrust.sh_24044490_39.err,False
CIFAR10,vgg19,non-iid,FangAttack,FLTrust,FedAvg,200,20,0.05,0.3,1,45,3,116,max_epoch_lt_target,time_limit,slurm time limit,/home/fengye/scratch/FL_Poison/logs_from_slurm_split_20260312/FedAvg/CIFAR10_vgg19/non-iid/CIFAR10_vgg19_non-iid_FangAttack_FLTrust_200_20_0.05_FedAvg_adv0.3_seed45_alpha1_cfgFedAvg_CIFAR10_config_exp3.txt,/home/fengye/slurm/compute_canada_flpoison_CIFAR10_FLTrust.sh_24044490_54.out,/home/fengye/slurm/compute_canada_flpoison_CIFAR10_FLTrust.sh_24044490_54.err,False
CIFAR10,vgg19,non-iid,FangAttack,Mean,FedAvg,200,20,0.05,0.3,0.1,46,4,0,max_epoch_lt_target,time_limit,slurm time limit,/home/fengye/scratch/FL_Poison/logs_from_slurm_split_20260312/FedAvg/CIFAR10_vgg19/non-iid/CIFAR10_vgg19_non-iid_FangAttack_Mean_200_20_0.05_FedAvg_adv0.3_seed46_alpha0.1_cfgFedAvg_CIFAR10_config_exp4.txt,/home/fengye/slurm/compute_canada_flpoison_CIFAR10.sh_24606948_144.out,/home/fengye/slurm/compute_canada_flpoison_CIFAR10.sh_24606948_144.err,False
CIFAR10,vgg19,non-iid,FangAttack,Mean,FedAvg,200,20,0.05,0.3,0.5,45,3,137,max_epoch_lt_target,time_limit,slurm time limit,/home/fengye/scratch/FL_Poison/logs_from_slurm_split_20260312/FedAvg/CIFAR10_vgg19/non-iid/CIFAR10_vgg19_non-iid_FangAttack_Mean_200_20_0.05_FedAvg_adv0.3_seed45_alpha0.5_cfgFedAvg_CIFAR10_config_exp3.txt,/home/fengye/slurm/compute_canada_flpoison_CIFAR10.sh_24606948_234.out,/home/fengye/slurm/compute_canada_flpoison_CIFAR10.sh_24606948_234.err,False
CIFAR10,vgg19,non-iid,FangAttack,Mean,FedAvg,200,20,0.05,0.3,1,45,3,147,max_epoch_lt_target,time_limit,slurm time limit,/home/fengye/scratch/FL_Poison/logs_from_slurm_split_20260312/FedAvg/CIFAR10_vgg19/non-iid/CIFAR10_vgg19_non-iid_FangAttack_Mean_200_20_0.05_FedAvg_adv0.3_seed45_alpha1_cfgFedAvg_CIFAR10_config_exp3.txt,/home/fengye/slurm/compute_canada_flpoison_CIFAR10.sh_24606948_324.out,/home/fengye/slurm/compute_canada_flpoison_CIFAR10.sh_24606948_324.err,False
CIFAR10,vgg19,non-iid,FangAttack,MultiKrum,FedAvg,200,20,0.05,0.3,0.1,45,3,169,max_epoch_lt_target,time_limit,slurm time limit,/home/fengye/scratch/FL_Poison/logs_from_slurm_split_20260312/FedAvg/CIFAR10_vgg19/non-iid/CIFAR10_vgg19_non-iid_FangAttack_MultiKrum_200_20_0.05_FedAvg_adv0.3_seed45_alpha0.1_cfgFedAvg_CIFAR10_config_exp3.txt,/home/fengye/slurm/compute_canada_flpoison_CIFAR10.sh_24606948_148.out,/home/fengye/slurm/compute_canada_flpoison_CIFAR10.sh_24606948_148.err,False
CIFAR10,vgg19,non-iid,FangAttack,MultiKrum,FedAvg,200,20,0.05,0.3,0.5,45,3,137,max_epoch_lt_target,time_limit,slurm time limit,/home/fengye/scratch/FL_Poison/logs_from_slurm_split_20260312/FedAvg/CIFAR10_vgg19/non-iid/CIFAR10_vgg19_non-iid_FangAttack_MultiKrum_200_20_0.05_FedAvg_adv0.3_seed45_alpha0.5_cfgFedAvg_CIFAR10_config_exp3.txt,/home/fengye/slurm/compute_canada_flpoison_CIFAR10.sh_24606948_238.out,/home/fengye/slurm/compute_canada_flpoison_CIFAR10.sh_24606948_238.err,False
CIFAR10,vgg19,non-iid,FangAttack,MultiKrum,FedAvg,200,20,0.05,0.3,1,45,3,48,max_epoch_lt_target,time_limit,slurm time limit,/home/fengye/scratch/FL_Poison/logs_from_slurm_split_20260312/FedAvg/CIFAR10_vgg19/non-iid/CIFAR10_vgg19_non-iid_FangAttack_MultiKrum_200_20_0.05_FedAvg_adv0.3_seed45_alpha1_cfgFedAvg_CIFAR10_config_exp3.txt,/home/fengye/slurm/compute_canada_flpoison_CIFAR10.sh_24606948_328.out,/home/fengye/slurm/compute_canada_flpoison_CIFAR10.sh_24606948_328.err,False
CIFAR10,vgg19,non-iid,FangAttack,NormClipping,FedAvg,200,20,0.05,0.3,0.1,45,3,99,max_epoch_lt_target,time_limit,slurm time limit,/home/fengye/scratch/FL_Poison/logs_from_slurm_split_20260312/FedAvg/CIFAR10_vgg19/non-iid/CIFAR10_vgg19_non-iid_FangAttack_NormClipping_200_20_0.05_FedAvg_adv0.3_seed45_alpha0.1_cfgFedAvg_CIFAR10_config_exp3.txt,/home/fengye/slurm/compute_canada_flpoison_CIFAR10.sh_24606948_149.out,/home/fengye/slurm/compute_canada_flpoison_CIFAR10.sh_24606948_149.err,False
CIFAR10,vgg19,non-iid,FangAttack,NormClipping,FedAvg,200,20,0.05,0.3,0.5,45,3,83,max_epoch_lt_target,time_limit,slurm time limit,/home/fengye/scratch/FL_Poison/logs_from_slurm_split_20260312/FedAvg/CIFAR10_vgg19/non-iid/CIFAR10_vgg19_non-iid_FangAttack_NormClipping_200_20_0.05_FedAvg_adv0.3_seed45_alpha0.5_cfgFedAvg_CIFAR10_config_exp3.txt,/home/fengye/slurm/compute_canada_flpoison_CIFAR10.sh_24606948_239.out,/home/fengye/slurm/compute_canada_flpoison_CIFAR10.sh_24606948_239.err,False
CIFAR10,vgg19,non-iid,FangAttack,NormClipping,FedAvg,200,20,0.05,0.3,1,45,3,45,max_epoch_lt_target,time_limit,slurm time limit,/home/fengye/scratch/FL_Poison/logs_from_slurm_split_20260312/FedAvg/CIFAR10_vgg19/non-iid/CIFAR10_vgg19_non-iid_FangAttack_NormClipping_200_20_0.05_FedAvg_adv0.3_seed45_alpha1_cfgFedAvg_CIFAR10_config_exp3.txt,/home/fengye/slurm/compute_canada_flpoison_CIFAR10.sh_24606948_329.out,/home/fengye/slurm/compute_canada_flpoison_CIFAR10.sh_24606948_329.err,False
CIFAR10,vgg19,non-iid,FangAttack,TriGuardFL,FedAvg,200,20,0.05,0.3,0.1,45,3,142,max_epoch_lt_target,time_limit,slurm time limit,/home/fengye/scratch/FL_Poison/logs_from_slurm_split_20260312/FedAvg/CIFAR10_vgg19/non-iid/CIFAR10_vgg19_non-iid_FangAttack_TriGuardFL_200_20_0.05_FedAvg_adv0.3_seed45_alpha0.1_cfgFedAvg_CIFAR10_config_exp3.txt,/home/fengye/slurm/compute_canada_flpoison_CIFAR10.sh_24606948_145.out,/home/fengye/slurm/compute_canada_flpoison_CIFAR10.sh_24606948_145.err,False
CIFAR10,vgg19,non-iid,FangAttack,TriGuardFL,FedAvg,200,20,0.05,0.3,0.5,45,3,83,max_epoch_lt_target,time_limit,slurm time limit,/home/fengye/scratch/FL_Poison/logs_from_slurm_split_20260312/FedAvg/CIFAR10_vgg19/non-iid/CIFAR10_vgg19_non-iid_FangAttack_TriGuardFL_200_20_0.05_FedAvg_adv0.3_seed45_alpha0.5_cfgFedAvg_CIFAR10_config_exp3.txt,/home/fengye/slurm/compute_canada_flpoison_CIFAR10.sh_24606948_235.out,/home/fengye/slurm/compute_canada_flpoison_CIFAR10.sh_24606948_235.err,False
CIFAR10,vgg19,non-iid,FangAttack,TriGuardFL,FedAvg,200,20,0.05,0.3,1,45,3,105,max_epoch_lt_target,time_limit,slurm time limit,/home/fengye/scratch/FL_Poison/logs_from_slurm_split_20260312/FedAvg/CIFAR10_vgg19/non-iid/CIFAR10_vgg19_non-iid_FangAttack_TriGuardFL_200_20_0.05_FedAvg_adv0.3_seed45_alpha1_cfgFedAvg_CIFAR10_config_exp3.txt,/home/fengye/slurm/compute_canada_flpoison_CIFAR10.sh_24606948_325.out,/home/fengye/slurm/compute_canada_flpoison_CIFAR10.sh_24606948_325.err,False
CIFAR10,vgg19,non-iid,MinMax,FLDetector,FedAvg,200,20,0.05,0.1,0.5,43,1,152,max_epoch_lt_target,bus_error,bus error,/home/fengye/scratch/FL_Poison/logs_from_slurm_split_20260312/FedAvg/CIFAR10_vgg19/non-iid/CIFAR10_vgg19_non-iid_MinMax_FLDetector_200_20_0.05_FedAvg_adv0.1_seed43_alpha0.5_cfgFedAvg_CIFAR10_config_exp1.txt,/home/fengye/slurm/compute_canada_flpoison_CIFAR10.sh_24542800_68.out,/home/fengye/slurm/compute_canada_flpoison_CIFAR10.sh_24542800_68.err,False
CIFAR10,vgg19,non-iid,MinMax,FLDetector,FedAvg,200,20,0.05,0.3,1,42,0,177,max_epoch_lt_target,bus_error,bus error,/home/fengye/scratch/FL_Poison/logs_from_slurm_split_20260312/FedAvg/CIFAR10_vgg19/non-iid/CIFAR10_vgg19_non-iid_MinMax_FLDetector_200_20_0.05_FedAvg_adv0.3_seed42_alpha1_cfgFedAvg_CIFAR10_config_exp0.txt,/home/fengye/slurm/compute_canada_flpoison_CIFAR10.sh_24606948_308.out,/home/fengye/slurm/compute_canada_flpoison_CIFAR10.sh_24606948_308.err,False
CIFAR10,vgg19,non-iid,MinMax,FLTrust,FedAvg,200,20,0.05,0.1,0.1,45,3,147,max_epoch_lt_target,bus_error,bus error,/home/fengye/scratch/FL_Poison/logs_from_slurm_split_20260312/FedAvg/CIFAR10_vgg19/non-iid/CIFAR10_vgg19_non-iid_MinMax_FLTrust_200_20_0.05_FedAvg_adv0.1_seed45_alpha0.1_cfgFedAvg_CIFAR10_config_exp3.txt,/home/fengye/slurm/compute_canada_flpoison_CIFAR10.sh_24542800_39.out,/home/fengye/slurm/compute_canada_flpoison_CIFAR10.sh_24542800_39.err,False
CIFAR10,vgg19,non-iid,MinMax,FLTrust,FedAvg,200,20,0.05,0.1,0.5,43,1,153,max_epoch_lt_target,bus_error,bus error,/home/fengye/scratch/FL_Poison/logs_from_slurm_split_20260312/FedAvg/CIFAR10_vgg19/non-iid/CIFAR10_vgg19_non-iid_MinMax_FLTrust_200_20_0.05_FedAvg_adv0.1_seed43_alpha0.5_cfgFedAvg_CIFAR10_config_exp1.txt,/home/fengye/slurm/compute_canada_flpoison_CIFAR10.sh_24542800_69.out,/home/fengye/slurm/compute_canada_flpoison_CIFAR10.sh_24542800_69.err,False
CIFAR10,vgg19,non-iid,MinMax,Mean,FedAvg,200,20,0.05,0.1,0.5,44,2,50,max_epoch_lt_target,bus_error,bus error,/home/fengye/scratch/FL_Poison/logs_from_slurm_split_20260312/FedAvg/CIFAR10_vgg19/non-iid/CIFAR10_vgg19_non-iid_MinMax_Mean_200_20_0.05_FedAvg_adv0.1_seed44_alpha0.5_cfgFedAvg_CIFAR10_config_exp2.txt,/home/fengye/slurm/compute_canada_flpoison_CIFAR10.sh_24542800_66.out,/home/fengye/slurm/compute_canada_flpoison_CIFAR10.sh_24542800_66.err,False
CIFAR10,vgg19,non-iid,MinMax,NormClipping,FedAvg,200,20,0.05,0.3,0.1,42,0,159,max_epoch_lt_target,bus_error,bus error,/home/fengye/scratch/FL_Poison/logs_from_slurm_split_20260312/FedAvg/CIFAR10_vgg19/non-iid/CIFAR10_vgg19_non-iid_MinMax_NormClipping_200_20_0.05_FedAvg_adv0.3_seed42_alpha0.1_cfgFedAvg_CIFAR10_config_exp0.txt,/home/fengye/slurm/compute_canada_flpoison_CIFAR10.sh_24606948_131.out,/home/fengye/slurm/compute_canada_flpoison_CIFAR10.sh_24606948_131.err,False
CIFAR10,vgg19,non-iid,MinMax,TriGuardFL,FedAvg,200,20,0.05,0.1,0.5,43,1,133,max_epoch_lt_target,bus_error,bus error,/home/fengye/scratch/FL_Poison/logs_from_slurm_split_20260312/FedAvg/CIFAR10_vgg19/non-iid/CIFAR10_vgg19_non-iid_MinMax_TriGuardFL_200_20_0.05_FedAvg_adv0.1_seed43_alpha0.5_cfgFedAvg_CIFAR10_config_exp1.txt,/home/fengye/slurm/compute_canada_flpoison_CIFAR10.sh_24542800_67.out,/home/fengye/slurm/compute_canada_flpoison_CIFAR10.sh_24542800_67.err,False
CIFAR10,vgg19,non-iid,MinMax,TriGuardFL,FedAvg,200,20,0.05,0.2,1,42,0,159,max_epoch_lt_target,bus_error,bus error,/home/fengye/scratch/FL_Poison/logs_from_slurm_split_20260312/FedAvg/CIFAR10_vgg19/non-iid/CIFAR10_vgg19_non-iid_MinMax_TriGuardFL_200_20_0.05_FedAvg_adv0.2_seed42_alpha1_cfgFedAvg_CIFAR10_config_exp0.txt,/home/fengye/slurm/compute_canada_flpoison_CIFAR10.sh_24606948_277.out,/home/fengye/slurm/compute_canada_flpoison_CIFAR10.sh_24606948_277.err,False
CIFAR10,vgg19,non-iid,MinMax,TriGuardFL,FedAvg,200,20,0.05,0.3,1,42,0,179,max_epoch_lt_target,bus_error,bus error,/home/fengye/scratch/FL_Poison/logs_from_slurm_split_20260312/FedAvg/CIFAR10_vgg19/non-iid/CIFAR10_vgg19_non-iid_MinMax_TriGuardFL_200_20_0.05_FedAvg_adv0.3_seed42_alpha1_cfgFedAvg_CIFAR10_config_exp0.txt,/home/fengye/slurm/compute_canada_flpoison_CIFAR10.sh_24606948_307.out,/home/fengye/slurm/compute_canada_flpoison_CIFAR10.sh_24606948_307.err,False
CIFAR10,vgg19,non-iid,MinSum,FLDetector,FedAvg,200,20,0.05,0.1,0.1,45,3,191,max_epoch_lt_target,bus_error,bus error,/home/fengye/scratch/FL_Poison/logs_from_slurm_split_20260312/FedAvg/CIFAR10_vgg19/non-iid/CIFAR10_vgg19_non-iid_MinSum_FLDetector_200_20_0.05_FedAvg_adv0.1_seed45_alpha0.1_cfgFedAvg_CIFAR10_config_exp3.txt,/home/fengye/slurm/compute_canada_flpoison_CIFAR10.sh_24542800_44.out,/home/fengye/slurm/compute_canada_flpoison_CIFAR10.sh_24542800_44.err,False
CIFAR10,vgg19,non-iid,MinSum,NormClipping,FedAvg,200,20,0.05,0.1,0.1,44,2,173,max_epoch_lt_target,bus_error,bus error,/home/fengye/scratch/FL_Poison/logs_from_slurm_split_20260312/FedAvg/CIFAR10_vgg19/non-iid/CIFAR10_vgg19_non-iid_MinSum_NormClipping_200_20_0.05_FedAvg_adv0.1_seed44_alpha0.1_cfgFedAvg_CIFAR10_config_exp2.txt,/home/fengye/slurm/compute_canada_flpoison_CIFAR10.sh_24542800_47.out,/home/fengye/slurm/compute_canada_flpoison_CIFAR10.sh_24542800_47.err,False
CIFAR10,vgg19,non-iid,MinSum,TriGuardFL,FedAvg,200,20,0.05,0.1,0.1,45,3,144,max_epoch_lt_target,bus_error,bus error,/home/fengye/scratch/FL_Poison/logs_from_slurm_split_20260312/FedAvg/CIFAR10_vgg19/non-iid/CIFAR10_vgg19_non-iid_MinSum_TriGuardFL_200_20_0.05_FedAvg_adv0.1_seed45_alpha0.1_cfgFedAvg_CIFAR10_config_exp3.txt,/home/fengye/slurm/compute_canada_flpoison_CIFAR10.sh_24542800_43.out,/home/fengye/slurm/compute_canada_flpoison_CIFAR10.sh_24542800_43.err,False
CIFAR10,vgg19,non-iid,MinSum,TriGuardFL,FedAvg,200,20,0.05,0.3,1,42,0,50,max_epoch_lt_target,python_error,OSError: [Errno 5] Input/output error,/home/fengye/scratch/FL_Poison/logs_from_slurm_split_20260312/FedAvg/CIFAR10_vgg19/non-iid/CIFAR10_vgg19_non-iid_MinSum_TriGuardFL_200_20_0.05_FedAvg_adv0.3_seed42_alpha1_cfgFedAvg_CIFAR10_config_exp0.txt,/home/fengye/slurm/compute_canada_flpoison_CIFAR10.sh_24606948_313.out,/home/fengye/slurm/compute_canada_flpoison_CIFAR10.sh_24606948_313.err,False
CIFAR10,vgg19,non-iid,NoAttack,NormClipping,FedAvg,200,20,0.05,0.2,1,43,1,139,max_epoch_lt_target,bus_error,bus error,/home/fengye/scratch/FL_Poison/logs_from_slurm_split_20260312/FedAvg/CIFAR10_vgg19/non-iid/CIFAR10_vgg19_non-iid_NoAttack_NormClipping_200_20_0.05_FedAvg_adv0.2_seed43_alpha1_cfgFedAvg_CIFAR10_config_exp1.txt,/home/fengye/slurm/compute_canada_flpoison_CIFAR10.sh_24606948_275.out,/home/fengye/slurm/compute_canada_flpoison_CIFAR10.sh_24606948_275.err,False
CIFAR100,resnet18,iid,FangAttack,FLDetector,FedAvg,200,40,0.05,0.3,NA,43,1,145,max_epoch_lt_target,bus_error,bus error,/home/fengye/scratch/FL_Poison/logs_from_slurm_split_20260312/FedAvg/CIFAR100_resnet18/iid/CIFAR100_resnet18_iid_FangAttack_FLDetector_200_40_0.05_FedAvg_adv0.3_seed43_cfgFedAvg_CIFAR100_config_exp1.txt,/home/fengye/slurm/compute_canada_flpoison_CIFAR100.sh_25241134_86.out,/home/fengye/slurm/compute_canada_flpoison_CIFAR100.sh_25241134_86.err,False
CIFAR100,resnet18,iid,FangAttack,FLTrust,FedAvg,200,40,0.05,0.3,NA,44,2,41,max_epoch_lt_target,time_limit,slurm time limit,/home/fengye/scratch/FL_Poison/logs_from_slurm_split_20260312/FedAvg/CIFAR100_resnet18/iid/CIFAR100_resnet18_iid_FangAttack_FLTrust_200_40_0.05_FedAvg_adv0.3_seed44_cfgFedAvg_CIFAR100_config_exp2.txt,/home/fengye/slurm/compute_canada_flpoison_CIFAR100.sh_25241134_87.out,/home/fengye/slurm/compute_canada_flpoison_CIFAR100.sh_25241134_87.err,False
CIFAR100,resnet18,iid,FangAttack,Mean,FedAvg,200,40,0.05,0.3,NA,43,1,186,max_epoch_lt_target,time_limit,slurm time limit,/home/fengye/scratch/FL_Poison/logs_from_slurm_split_20260312/FedAvg/CIFAR100_resnet18/iid/CIFAR100_resnet18_iid_FangAttack_Mean_200_40_0.05_FedAvg_adv0.3_seed43_cfgFedAvg_CIFAR100_config_exp1.txt,/home/fengye/slurm/compute_canada_flpoison_CIFAR100.sh_25241134_84.out,/home/fengye/slurm/compute_canada_flpoison_CIFAR100.sh_25241134_84.err,False
CIFAR100,resnet18,iid,FangAttack,MultiKrum,FedAvg,200,40,0.05,0.3,NA,43,1,124,max_epoch_lt_target,time_limit,slurm time limit,/home/fengye/scratch/FL_Poison/logs_from_slurm_split_20260312/FedAvg/CIFAR100_resnet18/iid/CIFAR100_resnet18_iid_FangAttack_MultiKrum_200_40_0.05_FedAvg_adv0.3_seed43_cfgFedAvg_CIFAR100_config_exp1.txt,/home/fengye/slurm/compute_canada_flpoison_CIFAR100.sh_25241134_88.out,/home/fengye/slurm/compute_canada_flpoison_CIFAR100.sh_25241134_88.err,False
CIFAR100,resnet18,iid,FangAttack,NormClipping,FedAvg,200,40,0.05,0.3,NA,43,1,193,max_epoch_lt_target,time_limit,slurm time limit,/home/fengye/scratch/FL_Poison/logs_from_slurm_split_20260312/FedAvg/CIFAR100_resnet18/iid/CIFAR100_resnet18_iid_FangAttack_NormClipping_200_40_0.05_FedAvg_adv0.3_seed43_cfgFedAvg_CIFAR100_config_exp1.txt,/home/fengye/slurm/compute_canada_flpoison_CIFAR100.sh_25241134_89.out,/home/fengye/slurm/compute_canada_flpoison_CIFAR100.sh_25241134_89.err,False
CIFAR100,resnet18,iid,FangAttack,TriGuardFL,FedAvg,200,40,0.05,0.3,NA,43,1,141,max_epoch_lt_target,time_limit,slurm time limit,/home/fengye/scratch/FL_Poison/logs_from_slurm_split_20260312/FedAvg/CIFAR100_resnet18/iid/CIFAR100_resnet18_iid_FangAttack_TriGuardFL_200_40_0.05_FedAvg_adv0.3_seed43_cfgFedAvg_CIFAR100_config_exp1.txt,/home/fengye/slurm/compute_canada_flpoison_CIFAR100.sh_25241134_85.out,/home/fengye/slurm/compute_canada_flpoison_CIFAR100.sh_25241134_85.err,False
CIFAR100,resnet18,iid,FangAttack,FLDetector,FedAvg,200,60,0.05,0.2,NA,43,1,163,max_epoch_lt_target,time_limit,slurm time limit,/home/fengye/scratch/FL_Poison/logs_from_slurm_split_20260312/FedAvg/CIFAR100_resnet18/iid/CIFAR100_resnet18_iid_FangAttack_FLDetector_200_60_0.05_FedAvg_adv0.2_seed43_cfgFedAvg_CIFAR100_config_exp1.txt,/home/fengye/slurm/compute_canada_flpoison_CIFAR100.sh_25241134_146.out,/home/fengye/slurm/compute_canada_flpoison_CIFAR100.sh_25241134_146.err,False
CIFAR100,resnet18,iid,FangAttack,FLDetector,FedAvg,200,60,0.05,0.3,NA,42,0,125,max_epoch_lt_target,time_limit,slurm time limit,/home/fengye/scratch/FL_Poison/logs_from_slurm_split_20260312/FedAvg/CIFAR100_resnet18/iid/CIFAR100_resnet18_iid_FangAttack_FLDetector_200_60_0.05_FedAvg_adv0.3_seed42_cfgFedAvg_CIFAR100_config_exp0.txt,/home/fengye/slurm/compute_canada_flpoison_CIFAR100.sh_25241134_176.out,/home/fengye/slurm/compute_canada_flpoison_CIFAR100.sh_25241134_176.err,False
CIFAR100,resnet18,iid,FangAttack,FLTrust,FedAvg,200,60,0.05,0.2,NA,44,2,61,max_epoch_lt_target,time_limit,slurm time limit,/home/fengye/scratch/FL_Poison/logs_from_slurm_split_20260312/FedAvg/CIFAR100_resnet18/iid/CIFAR100_resnet18_iid_FangAttack_FLTrust_200_60_0.05_FedAvg_adv0.2_seed44_cfgFedAvg_CIFAR100_config_exp2.txt,/home/fengye/slurm/compute_canada_flpoison_CIFAR100.sh_25241134_147.out,/home/fengye/slurm/compute_canada_flpoison_CIFAR100.sh_25241134_147.err,False
CIFAR100,resnet18,iid,FangAttack,FLTrust,FedAvg,200,60,0.05,0.3,NA,42,0,143,max_epoch_lt_target,time_limit,slurm time limit,/home/fengye/scratch/FL_Poison/logs_from_slurm_split_20260312/FedAvg/CIFAR100_resnet18/iid/CIFAR100_resnet18_iid_FangAttack_FLTrust_200_60_0.05_FedAvg_adv0.3_seed42_cfgFedAvg_CIFAR100_config_exp0.txt,/home/fengye/slurm/compute_canada_flpoison_CIFAR100.sh_25241134_177.out,/home/fengye/slurm/compute_canada_flpoison_CIFAR100.sh_25241134_177.err,False
CIFAR100,resnet18,iid,FangAttack,Mean,FedAvg,200,60,0.05,0.2,NA,43,1,197,max_epoch_lt_target,time_limit,slurm time limit,/home/fengye/scratch/FL_Poison/logs_from_slurm_split_20260312/FedAvg/CIFAR100_resnet18/iid/CIFAR100_resnet18_iid_FangAttack_Mean_200_60_0.05_FedAvg_adv0.2_seed43_cfgFedAvg_CIFAR100_config_exp1.txt,/home/fengye/slurm/compute_canada_flpoison_CIFAR100.sh_25241134_144.out,/home/fengye/slurm/compute_canada_flpoison_CIFAR100.sh_25241134_144.err,False
CIFAR100,resnet18,iid,FangAttack,Mean,FedAvg,200,60,0.05,0.3,NA,42,0,144,max_epoch_lt_target,time_limit,slurm time limit,/home/fengye/scratch/FL_Poison/logs_from_slurm_split_20260312/FedAvg/CIFAR100_resnet18/iid/CIFAR100_resnet18_iid_FangAttack_Mean_200_60_0.05_FedAvg_adv0.3_seed42_cfgFedAvg_CIFAR100_config_exp0.txt,/home/fengye/slurm/compute_canada_flpoison_CIFAR100.sh_25241134_174.out,/home/fengye/slurm/compute_canada_flpoison_CIFAR100.sh_25241134_174.err,False
CIFAR100,resnet18,iid,FangAttack,MultiKrum,FedAvg,200,60,0.05,0.2,NA,43,1,146,max_epoch_lt_target,time_limit,slurm time limit,/home/fengye/scratch/FL_Poison/logs_from_slurm_split_20260312/FedAvg/CIFAR100_resnet18/iid/CIFAR100_resnet18_iid_FangAttack_MultiKrum_200_60_0.05_FedAvg_adv0.2_seed43_cfgFedAvg_CIFAR100_config_exp1.txt,/home/fengye/slurm/compute_canada_flpoison_CIFAR100.sh_25241134_148.out,/home/fengye/slurm/compute_canada_flpoison_CIFAR100.sh_25241134_148.err,False
CIFAR100,resnet18,iid,FangAttack,MultiKrum,FedAvg,200,60,0.05,0.3,NA,42,0,120,max_epoch_lt_target,time_limit,slurm time limit,/home/fengye/scratch/FL_Poison/logs_from_slurm_split_20260312/FedAvg/CIFAR100_resnet18/iid/CIFAR100_resnet18_iid_FangAttack_MultiKrum_200_60_0.05_FedAvg_adv0.3_seed42_cfgFedAvg_CIFAR100_config_exp0.txt,/home/fengye/slurm/compute_canada_flpoison_CIFAR100.sh_25241134_178.out,/home/fengye/slurm/compute_canada_flpoison_CIFAR100.sh_25241134_178.err,False
CIFAR100,resnet18,iid,FangAttack,NormClipping,FedAvg,200,60,0.05,0.2,NA,43,1,164,max_epoch_lt_target,time_limit,slurm time limit,/home/fengye/scratch/FL_Poison/logs_from_slurm_split_20260312/FedAvg/CIFAR100_resnet18/iid/CIFAR100_resnet18_iid_FangAttack_NormClipping_200_60_0.05_FedAvg_adv0.2_seed43_cfgFedAvg_CIFAR100_config_exp1.txt,/home/fengye/slurm/compute_canada_flpoison_CIFAR100.sh_25241134_149.out,/home/fengye/slurm/compute_canada_flpoison_CIFAR100.sh_25241134_149.err,False
CIFAR100,resnet18,iid,FangAttack,NormClipping,FedAvg,200,60,0.05,0.3,NA,42,0,145,max_epoch_lt_target,time_limit,slurm time limit,/home/fengye/scratch/FL_Poison/logs_from_slurm_split_20260312/FedAvg/CIFAR100_resnet18/iid/CIFAR100_resnet18_iid_FangAttack_NormClipping_200_60_0.05_FedAvg_adv0.3_seed42_cfgFedAvg_CIFAR100_config_exp0.txt,/home/fengye/slurm/compute_canada_flpoison_CIFAR100.sh_25241134_179.out,/home/fengye/slurm/compute_canada_flpoison_CIFAR100.sh_25241134_179.err,False
CIFAR100,resnet18,iid,FangAttack,TriGuardFL,FedAvg,200,60,0.05,0.2,NA,43,1,154,max_epoch_lt_target,time_limit,slurm time limit,/home/fengye/scratch/FL_Poison/logs_from_slurm_split_20260312/FedAvg/CIFAR100_resnet18/iid/CIFAR100_resnet18_iid_FangAttack_TriGuardFL_200_60_0.05_FedAvg_adv0.2_seed43_cfgFedAvg_CIFAR100_config_exp1.txt,/home/fengye/slurm/compute_canada_flpoison_CIFAR100.sh_25241134_145.out,/home/fengye/slurm/compute_canada_flpoison_CIFAR100.sh_25241134_145.err,False
CIFAR100,resnet18,iid,FangAttack,TriGuardFL,FedAvg,200,60,0.05,0.3,NA,42,0,125,max_epoch_lt_target,time_limit,slurm time limit,/home/fengye/scratch/FL_Poison/logs_from_slurm_split_20260312/FedAvg/CIFAR100_resnet18/iid/CIFAR100_resnet18_iid_FangAttack_TriGuardFL_200_60_0.05_FedAvg_adv0.3_seed42_cfgFedAvg_CIFAR100_config_exp0.txt,/home/fengye/slurm/compute_canada_flpoison_CIFAR100.sh_25241134_175.out,/home/fengye/slurm/compute_canada_flpoison_CIFAR100.sh_25241134_175.err,False
CIFAR100,resnet18,iid,MinMax,NormClipping,FedAvg,200,60,0.05,0.1,NA,46,4,54,max_epoch_lt_target,time_limit,slurm time limit,/home/fengye/scratch/FL_Poison/logs_from_slurm_split_20260312/FedAvg/CIFAR100_resnet18/iid/CIFAR100_resnet18_iid_MinMax_NormClipping_200_60_0.05_FedAvg_adv0.1_seed46_cfgFedAvg_CIFAR100_config_exp4.txt,/home/fengye/slurm/compute_canada_flpoison_CIFAR100.sh_25241134_101.out,/home/fengye/slurm/compute_canada_flpoison_CIFAR100.sh_25241134_101.err,False
CIFAR100,resnet18,non-iid,FangAttack,FLDetector,FedAvg,200,40,0.05,0.3,0.1,44,2,78,max_epoch_lt_target,time_limit,slurm time limit,/home/fengye/scratch/FL_Poison/logs_from_slurm_split_20260312/FedAvg/CIFAR100_resnet18/non-iid/CIFAR100_resnet18_non-iid_FangAttack_FLDetector_200_40_0.05_FedAvg_adv0.3_seed44_alpha0.1_cfgFedAvg_CIFAR100_config_exp2.txt,/home/fengye/slurm/compute_canada_flpoison_CIFAR100.sh_25241134_266.out,/home/fengye/slurm/compute_canada_flpoison_CIFAR100.sh_25241134_266.err,False
CIFAR100,resnet18,non-iid,FangAttack,FLDetector,FedAvg,200,40,0.05,0.3,0.5,43,1,179,max_epoch_lt_target,time_limit,slurm time limit,/home/fengye/scratch/FL_Poison/logs_from_slurm_split_20260312/FedAvg/CIFAR100_resnet18/non-iid/CIFAR100_resnet18_non-iid_FangAttack_FLDetector_200_40_0.05_FedAvg_adv0.3_seed43_alpha0.5_cfgFedAvg_CIFAR100_config_exp1.txt,/home/fengye/slurm/compute_canada_flpoison_CIFAR100.sh_25241134_446.out,/home/fengye/slurm/compute_canada_flpoison_CIFAR100.sh_25241134_446.err,False
CIFAR100,resnet18,non-iid,FangAttack,FLDetector,FedAvg,200,40,0.05,0.3,1,43,1,182,max_epoch_lt_target,time_limit,slurm time limit,/home/fengye/scratch/FL_Poison/logs_from_slurm_split_20260312/FedAvg/CIFAR100_resnet18/non-iid/CIFAR100_resnet18_non-iid_FangAttack_FLDetector_200_40_0.05_FedAvg_adv0.3_seed43_alpha1_cfgFedAvg_CIFAR100_config_exp1.txt,/home/fengye/slurm/compute_canada_flpoison_CIFAR100.sh_25241134_626.out,/home/fengye/slurm/compute_canada_flpoison_CIFAR100.sh_25241134_626.err,False
CIFAR100,resnet18,non-iid,FangAttack,FLTrust,FedAvg,200,40,0.05,0.3,0.1,44,2,119,max_epoch_lt_target,time_limit,slurm time limit,/home/fengye/scratch/FL_Poison/logs_from_slurm_split_20260312/FedAvg/CIFAR100_resnet18/non-iid/CIFAR100_resnet18_non-iid_FangAttack_FLTrust_200_40_0.05_FedAvg_adv0.3_seed44_alpha0.1_cfgFedAvg_CIFAR100_config_exp2.txt,/home/fengye/slurm/compute_canada_flpoison_CIFAR100.sh_25241134_267.out,/home/fengye/slurm/compute_canada_flpoison_CIFAR100.sh_25241134_267.err,False
CIFAR100,resnet18,non-iid,FangAttack,FLTrust,FedAvg,200,40,0.05,0.3,0.5,44,2,93,max_epoch_lt_target,time_limit,slurm time limit,/home/fengye/scratch/FL_Poison/logs_from_slurm_split_20260312/FedAvg/CIFAR100_resnet18/non-iid/CIFAR100_resnet18_non-iid_FangAttack_FLTrust_200_40_0.05_FedAvg_adv0.3_seed44_alpha0.5_cfgFedAvg_CIFAR100_config_exp2.txt,/home/fengye/slurm/compute_canada_flpoison_CIFAR100.sh_25241134_447.out,/home/fengye/slurm/compute_canada_flpoison_CIFAR100.sh_25241134_447.err,False
CIFAR100,resnet18,non-iid,FangAttack,FLTrust,FedAvg,200,40,0.05,0.3,1,44,2,47,max_epoch_lt_target,time_limit,slurm time limit,/home/fengye/scratch/FL_Poison/logs_from_slurm_split_20260312/FedAvg/CIFAR100_resnet18/non-iid/CIFAR100_resnet18_non-iid_FangAttack_FLTrust_200_40_0.05_FedAvg_adv0.3_seed44_alpha1_cfgFedAvg_CIFAR100_config_exp2.txt,/home/fengye/slurm/compute_canada_flpoison_CIFAR100.sh_25241134_627.out,/home/fengye/slurm/compute_canada_flpoison_CIFAR100.sh_25241134_627.err,False
CIFAR100,resnet18,non-iid,FangAttack,Mean,FedAvg,200,40,0.05,0.3,0.1,44,2,99,max_epoch_lt_target,time_limit,slurm time limit,/home/fengye/scratch/FL_Poison/logs_from_slurm_split_20260312/FedAvg/CIFAR100_resnet18/non-iid/CIFAR100_resnet18_non-iid_FangAttack_Mean_200_40_0.05_FedAvg_adv0.3_seed44_alpha0.1_cfgFedAvg_CIFAR100_config_exp2.txt,/home/fengye/slurm/compute_canada_flpoison_CIFAR100.sh_25241134_264.out,/home/fengye/slurm/compute_canada_flpoison_CIFAR100.sh_25241134_264.err,False
CIFAR100,resnet18,non-iid,FangAttack,Mean,FedAvg,200,40,0.05,0.3,0.5,43,1,193,max_epoch_lt_target,time_limit,slurm time limit,/home/fengye/scratch/FL_Poison/logs_from_slurm_split_20260312/FedAvg/CIFAR100_resnet18/non-iid/CIFAR100_resnet18_non-iid_FangAttack_Mean_200_40_0.05_FedAvg_adv0.3_seed43_alpha0.5_cfgFedAvg_CIFAR100_config_exp1.txt,/home/fengye/slurm/compute_canada_flpoison_CIFAR100.sh_25241134_444.out,/home/fengye/slurm/compute_canada_flpoison_CIFAR100.sh_25241134_444.err,False
CIFAR100,resnet18,non-iid,FangAttack,Mean,FedAvg,200,40,0.05,0.3,1,43,1,112,max_epoch_lt_target,time_limit,slurm time limit,/home/fengye/scratch/FL_Poison/logs_from_slurm_split_20260312/FedAvg/CIFAR100_resnet18/non-iid/CIFAR100_resnet18_non-iid_FangAttack_Mean_200_40_0.05_FedAvg_adv0.3_seed43_alpha1_cfgFedAvg_CIFAR100_config_exp1.txt,/home/fengye/slurm/compute_canada_flpoison_CIFAR100.sh_25241134_624.out,/home/fengye/slurm/compute_canada_flpoison_CIFAR100.sh_25241134_624.err,False
CIFAR100,resnet18,non-iid,FangAttack,MultiKrum,FedAvg,200,40,0.05,0.2,1,46,4,153,max_epoch_lt_target,time_limit,slurm time limit,/home/fengye/scratch/FL_Poison/logs_from_slurm_split_20260312/FedAvg/CIFAR100_resnet18/non-iid/CIFAR100_resnet18_non-iid_FangAttack_MultiKrum_200_40_0.05_FedAvg_adv0.2_seed46_alpha1_cfgFedAvg_CIFAR100_config_exp4.txt,/home/fengye/slurm/compute_canada_flpoison_CIFAR100.sh_25241134_598.out,/home/fengye/slurm/compute_canada_flpoison_CIFAR100.sh_25241134_598.err,False
CIFAR100,resnet18,non-iid,FangAttack,MultiKrum,FedAvg,200,40,0.05,0.3,0.1,43,1,192,max_epoch_lt_target,time_limit,slurm time limit,/home/fengye/scratch/FL_Poison/logs_from_slurm_split_20260312/FedAvg/CIFAR100_resnet18/non-iid/CIFAR100_resnet18_non-iid_FangAttack_MultiKrum_200_40_0.05_FedAvg_adv0.3_seed43_alpha0.1_cfgFedAvg_CIFAR100_config_exp1.txt,/home/fengye/slurm/compute_canada_flpoison_CIFAR100.sh_25241134_268.out,/home/fengye/slurm/compute_canada_flpoison_CIFAR100.sh_25241134_268.err,False
CIFAR100,resnet18,non-iid,FangAttack,MultiKrum,FedAvg,200,40,0.05,0.3,0.5,43,1,156,max_epoch_lt_target,time_limit,slurm time limit,/home/fengye/scratch/FL_Poison/logs_from_slurm_split_20260312/FedAvg/CIFAR100_resnet18/non-iid/CIFAR100_resnet18_non-iid_FangAttack_MultiKrum_200_40_0.05_FedAvg_adv0.3_seed43_alpha0.5_cfgFedAvg_CIFAR100_config_exp1.txt,/home/fengye/slurm/compute_canada_flpoison_CIFAR100.sh_25241134_448.out,/home/fengye/slurm/compute_canada_flpoison_CIFAR100.sh_25241134_448.err,False
CIFAR100,resnet18,non-iid,FangAttack,MultiKrum,FedAvg,200,40,0.05,0.3,1,43,1,138,max_epoch_lt_target,time_limit,slurm time limit,/home/fengye/scratch/FL_Poison/logs_from_slurm_split_20260312/FedAvg/CIFAR100_resnet18/non-iid/CIFAR100_resnet18_non-iid_FangAttack_MultiKrum_200_40_0.05_FedAvg_adv0.3_seed43_alpha1_cfgFedAvg_CIFAR100_config_exp1.txt,/home/fengye/slurm/compute_canada_flpoison_CIFAR100.sh_25241134_628.out,/home/fengye/slurm/compute_canada_flpoison_CIFAR100.sh_25241134_628.err,False
CIFAR100,resnet18,non-iid,FangAttack,NormClipping,FedAvg,200,40,0.05,0.2,1,46,4,99,max_epoch_lt_target,time_limit,slurm time limit,/home/fengye/scratch/FL_Poison/logs_from_slurm_split_20260312/FedAvg/CIFAR100_resnet18/non-iid/CIFAR100_resnet18_non-iid_FangAttack_NormClipping_200_40_0.05_FedAvg_adv0.2_seed46_alpha1_cfgFedAvg_CIFAR100_config_exp4.txt,/home/fengye/slurm/compute_canada_flpoison_CIFAR100.sh_25241134_599.out,/home/fengye/slurm/compute_canada_flpoison_CIFAR100.sh_25241134_599.err,False
CIFAR100,resnet18,non-iid,FangAttack,NormClipping,FedAvg,200,40,0.05,0.3,0.1,44,2,122,max_epoch_lt_target,time_limit,slurm time limit,/home/fengye/scratch/FL_Poison/logs_from_slurm_split_20260312/FedAvg/CIFAR100_resnet18/non-iid/CIFAR100_resnet18_non-iid_FangAttack_NormClipping_200_40_0.05_FedAvg_adv0.3_seed44_alpha0.1_cfgFedAvg_CIFAR100_config_exp2.txt,/home/fengye/slurm/compute_canada_flpoison_CIFAR100.sh_25241134_269.out,/home/fengye/slurm/compute_canada_flpoison_CIFAR100.sh_25241134_269.err,False
CIFAR100,resnet18,non-iid,FangAttack,NormClipping,FedAvg,200,40,0.05,0.3,0.5,44,2,44,max_epoch_lt_target,time_limit,slurm time limit,/home/fengye/scratch/FL_Poison/logs_from_slurm_split_20260312/FedAvg/CIFAR100_resnet18/non-iid/CIFAR100_resnet18_non-iid_FangAttack_NormClipping_200_40_0.05_FedAvg_adv0.3_seed44_alpha0.5_cfgFedAvg_CIFAR100_config_exp2.txt,/home/fengye/slurm/compute_canada_flpoison_CIFAR100.sh_25241134_449.out,/home/fengye/slurm/compute_canada_flpoison_CIFAR100.sh_25241134_449.err,False
CIFAR100,resnet18,non-iid,FangAttack,NormClipping,FedAvg,200,40,0.05,0.3,1,43,1,186,max_epoch_lt_target,time_limit,slurm time limit,/home/fengye/scratch/FL_Poison/logs_from_slurm_split_20260312/FedAvg/CIFAR100_resnet18/non-iid/CIFAR100_resnet18_non-iid_FangAttack_NormClipping_200_40_0.05_FedAvg_adv0.3_seed43_alpha1_cfgFedAvg_CIFAR100_config_exp1.txt,/home/fengye/slurm/compute_canada_flpoison_CIFAR100.sh_25241134_629.out,/home/fengye/slurm/compute_canada_flpoison_CIFAR100.sh_25241134_629.err,False
CIFAR100,resnet18,non-iid,FangAttack,TriGuardFL,FedAvg,200,40,0.05,0.3,0.1,43,1,187,max_epoch_lt_target,time_limit,slurm time limit,/home/fengye/scratch/FL_Poison/logs_from_slurm_split_20260312/FedAvg/CIFAR100_resnet18/non-iid/CIFAR100_resnet18_non-iid_FangAttack_TriGuardFL_200_40_0.05_FedAvg_adv0.3_seed43_alpha0.1_cfgFedAvg_CIFAR100_config_exp1.txt,/home/fengye/slurm/compute_canada_flpoison_CIFAR100.sh_25241134_265.out,/home/fengye/slurm/compute_canada_flpoison_CIFAR100.sh_25241134_265.err,False
CIFAR100,resnet18,non-iid,FangAttack,TriGuardFL,FedAvg,200,40,0.05,0.3,0.5,43,1,147,max_epoch_lt_target,time_limit,slurm time limit,/home/fengye/scratch/FL_Poison/logs_from_slurm_split_20260312/FedAvg/CIFAR100_resnet18/non-iid/CIFAR100_resnet18_non-iid_FangAttack_TriGuardFL_200_40_0.05_FedAvg_adv0.3_seed43_alpha0.5_cfgFedAvg_CIFAR100_config_exp1.txt,/home/fengye/slurm/compute_canada_flpoison_CIFAR100.sh_25241134_445.out,/home/fengye/slurm/compute_canada_flpoison_CIFAR100.sh_25241134_445.err,False
CIFAR100,resnet18,non-iid,FangAttack,TriGuardFL,FedAvg,200,40,0.05,0.3,1,43,1,154,max_epoch_lt_target,time_limit,slurm time limit,/home/fengye/scratch/FL_Poison/logs_from_slurm_split_20260312/FedAvg/CIFAR100_resnet18/non-iid/CIFAR100_resnet18_non-iid_FangAttack_TriGuardFL_200_40_0.05_FedAvg_adv0.3_seed43_alpha1_cfgFedAvg_CIFAR100_config_exp1.txt,/home/fengye/slurm/compute_canada_flpoison_CIFAR100.sh_25241134_625.out,/home/fengye/slurm/compute_canada_flpoison_CIFAR100.sh_25241134_625.err,False
CIFAR100,resnet18,non-iid,FangAttack,FLDetector,FedAvg,200,60,0.05,0.2,0.1,44,2,25,max_epoch_lt_target,time_limit,slurm time limit,/home/fengye/scratch/FL_Poison/logs_from_slurm_split_20260312/FedAvg/CIFAR100_resnet18/non-iid/CIFAR100_resnet18_non-iid_FangAttack_FLDetector_200_60_0.05_FedAvg_adv0.2_seed44_alpha0.1_cfgFedAvg_CIFAR100_config_exp2.txt,/home/fengye/slurm/compute_canada_flpoison_CIFAR100.sh_25241134_326.out,/home/fengye/slurm/compute_canada_flpoison_CIFAR100.sh_25241134_326.err,False
CIFAR100,resnet18,non-iid,FangAttack,FLDetector,FedAvg,200,60,0.05,0.2,0.5,43,1,173,max_epoch_lt_target,time_limit,slurm time limit,/home/fengye/scratch/FL_Poison/logs_from_slurm_split_20260312/FedAvg/CIFAR100_resnet18/non-iid/CIFAR100_resnet18_non-iid_FangAttack_FLDetector_200_60_0.05_FedAvg_adv0.2_seed43_alpha0.5_cfgFedAvg_CIFAR100_config_exp1.txt,/home/fengye/slurm/compute_canada_flpoison_CIFAR100.sh_25241134_506.out,/home/fengye/slurm/compute_canada_flpoison_CIFAR100.sh_25241134_506.err,False
CIFAR100,resnet18,non-iid,FangAttack,FLDetector,FedAvg,200,60,0.05,0.2,1,43,1,161,max_epoch_lt_target,time_limit,slurm time limit,/home/fengye/scratch/FL_Poison/logs_from_slurm_split_20260312/FedAvg/CIFAR100_resnet18/non-iid/CIFAR100_resnet18_non-iid_FangAttack_FLDetector_200_60_0.05_FedAvg_adv0.2_seed43_alpha1_cfgFedAvg_CIFAR100_config_exp1.txt,/home/fengye/slurm/compute_canada_flpoison_CIFAR100.sh_25241134_686.out,/home/fengye/slurm/compute_canada_flpoison_CIFAR100.sh_25241134_686.err,False
CIFAR100,resnet18,non-iid,FangAttack,FLDetector,FedAvg,200,60,0.05,0.3,0.1,42,0,140,max_epoch_lt_target,time_limit,slurm time limit,/home/fengye/scratch/FL_Poison/logs_from_slurm_split_20260312/FedAvg/CIFAR100_resnet18/non-iid/CIFAR100_resnet18_non-iid_FangAttack_FLDetector_200_60_0.05_FedAvg_adv0.3_seed42_alpha0.1_cfgFedAvg_CIFAR100_config_exp0.txt,/home/fengye/slurm/compute_canada_flpoison_CIFAR100.sh_25241134_356.out,/home/fengye/slurm/compute_canada_flpoison_CIFAR100.sh_25241134_356.err,False
CIFAR100,resnet18,non-iid,FangAttack,FLDetector,FedAvg,200,60,0.05,0.3,0.5,42,0,146,max_epoch_lt_target,time_limit,slurm time limit,/home/fengye/scratch/FL_Poison/logs_from_slurm_split_20260312/FedAvg/CIFAR100_resnet18/non-iid/CIFAR100_resnet18_non-iid_FangAttack_FLDetector_200_60_0.05_FedAvg_adv0.3_seed42_alpha0.5_cfgFedAvg_CIFAR100_config_exp0.txt,/home/fengye/slurm/compute_canada_flpoison_CIFAR100.sh_25241134_536.out,/home/fengye/slurm/compute_canada_flpoison_CIFAR100.sh_25241134_536.err,False
CIFAR100,resnet18,non-iid,FangAttack,FLDetector,FedAvg,200,60,0.05,0.3,1,42,0,119,max_epoch_lt_target,time_limit,slurm time limit,/home/fengye/scratch/FL_Poison/logs_from_slurm_split_20260312/FedAvg/CIFAR100_resnet18/non-iid/CIFAR100_resnet18_non-iid_FangAttack_FLDetector_200_60_0.05_FedAvg_adv0.3_seed42_alpha1_cfgFedAvg_CIFAR100_config_exp0.txt,/home/fengye/slurm/compute_canada_flpoison_CIFAR100.sh_25241134_716.out,/home/fengye/slurm/compute_canada_flpoison_CIFAR100.sh_25241134_716.err,False
CIFAR100,resnet18,non-iid,FangAttack,FLTrust,FedAvg,200,60,0.05,0.2,0.1,44,2,38,max_epoch_lt_target,time_limit,slurm time limit,/home/fengye/scratch/FL_Poison/logs_from_slurm_split_20260312/FedAvg/CIFAR100_resnet18/non-iid/CIFAR100_resnet18_non-iid_FangAttack_FLTrust_200_60_0.05_FedAvg_adv0.2_seed44_alpha0.1_cfgFedAvg_CIFAR100_config_exp2.txt,/home/fengye/slurm/compute_canada_flpoison_CIFAR100.sh_25241134_327.out,/home/fengye/slurm/compute_canada_flpoison_CIFAR100.sh_25241134_327.err,False
CIFAR100,resnet18,non-iid,FangAttack,FLTrust,FedAvg,200,60,0.05,0.2,0.5,44,2,99,max_epoch_lt_target,time_limit,slurm time limit,/home/fengye/scratch/FL_Poison/logs_from_slurm_split_20260312/FedAvg/CIFAR100_resnet18/non-iid/CIFAR100_resnet18_non-iid_FangAttack_FLTrust_200_60_0.05_FedAvg_adv0.2_seed44_alpha0.5_cfgFedAvg_CIFAR100_config_exp2.txt,/home/fengye/slurm/compute_canada_flpoison_CIFAR100.sh_25241134_507.out,/home/fengye/slurm/compute_canada_flpoison_CIFAR100.sh_25241134_507.err,False
CIFAR100,resnet18,non-iid,FangAttack,FLTrust,FedAvg,200,60,0.05,0.2,1,44,2,85,max_epoch_lt_target,time_limit,slurm time limit,/home/fengye/scratch/FL_Poison/logs_from_slurm_split_20260312/FedAvg/CIFAR100_resnet18/non-iid/CIFAR100_resnet18_non-iid_FangAttack_FLTrust_200_60_0.05_FedAvg_adv0.2_seed44_alpha1_cfgFedAvg_CIFAR100_config_exp2.txt,/home/fengye/slurm/compute_canada_flpoison_CIFAR100.sh_25241134_687.out,/home/fengye/slurm/compute_canada_flpoison_CIFAR100.sh_25241134_687.err,False
CIFAR100,resnet18,non-iid,FangAttack,FLTrust,FedAvg,200,60,0.05,0.3,0.1,42,0,157,max_epoch_lt_target,time_limit,slurm time limit,/home/fengye/scratch/FL_Poison/logs_from_slurm_split_20260312/FedAvg/CIFAR100_resnet18/non-iid/CIFAR100_resnet18_non-iid_FangAttack_FLTrust_200_60_0.05_FedAvg_adv0.3_seed42_alpha0.1_cfgFedAvg_CIFAR100_config_exp0.txt,/home/fengye/slurm/compute_canada_flpoison_CIFAR100.sh_25241134_357.out,/home/fengye/slurm/compute_canada_flpoison_CIFAR100.sh_25241134_357.err,False
CIFAR100,resnet18,non-iid,FangAttack,FLTrust,FedAvg,200,60,0.05,0.3,0.5,42,0,149,max_epoch_lt_target,time_limit,slurm time limit,/home/fengye/scratch/FL_Poison/logs_from_slurm_split_20260312/FedAvg/CIFAR100_resnet18/non-iid/CIFAR100_resnet18_non-iid_FangAttack_FLTrust_200_60_0.05_FedAvg_adv0.3_seed42_alpha0.5_cfgFedAvg_CIFAR100_config_exp0.txt,/home/fengye/slurm/compute_canada_flpoison_CIFAR100.sh_25241134_537.out,/home/fengye/slurm/compute_canada_flpoison_CIFAR100.sh_25241134_537.err,False
CIFAR100,resnet18,non-iid,FangAttack,FLTrust,FedAvg,200,60,0.05,0.3,1,42,0,186,max_epoch_lt_target,time_limit,slurm time limit,/home/fengye/scratch/FL_Poison/logs_from_slurm_split_20260312/FedAvg/CIFAR100_resnet18/non-iid/CIFAR100_resnet18_non-iid_FangAttack_FLTrust_200_60_0.05_FedAvg_adv0.3_seed42_alpha1_cfgFedAvg_CIFAR100_config_exp0.txt,/home/fengye/slurm/compute_canada_flpoison_CIFAR100.sh_25241134_717.out,/home/fengye/slurm/compute_canada_flpoison_CIFAR100.sh_25241134_717.err,False
CIFAR100,resnet18,non-iid,FangAttack,Mean,FedAvg,200,60,0.05,0.2,0.1,44,2,6,max_epoch_lt_target,time_limit,slurm time limit,/home/fengye/scratch/FL_Poison/logs_from_slurm_split_20260312/FedAvg/CIFAR100_resnet18/non-iid/CIFAR100_resnet18_non-iid_FangAttack_Mean_200_60_0.05_FedAvg_adv0.2_seed44_alpha0.1_cfgFedAvg_CIFAR100_config_exp2.txt,/home/fengye/slurm/compute_canada_flpoison_CIFAR100.sh_25241134_324.out,/home/fengye/slurm/compute_canada_flpoison_CIFAR100.sh_25241134_324.err,False
CIFAR100,resnet18,non-iid,FangAttack,Mean,FedAvg,200,60,0.05,0.2,0.5,43,1,192,max_epoch_lt_target,time_limit,slurm time limit,/home/fengye/scratch/FL_Poison/logs_from_slurm_split_20260312/FedAvg/CIFAR100_resnet18/non-iid/CIFAR100_resnet18_non-iid_FangAttack_Mean_200_60_0.05_FedAvg_adv0.2_seed43_alpha0.5_cfgFedAvg_CIFAR100_config_exp1.txt,/home/fengye/slurm/compute_canada_flpoison_CIFAR100.sh_25241134_504.out,/home/fengye/slurm/compute_canada_flpoison_CIFAR100.sh_25241134_504.err,False
CIFAR100,resnet18,non-iid,FangAttack,Mean,FedAvg,200,60,0.05,0.2,1,43,1,175,max_epoch_lt_target,time_limit,slurm time limit,/home/fengye/scratch/FL_Poison/logs_from_slurm_split_20260312/FedAvg/CIFAR100_resnet18/non-iid/CIFAR100_resnet18_non-iid_FangAttack_Mean_200_60_0.05_FedAvg_adv0.2_seed43_alpha1_cfgFedAvg_CIFAR100_config_exp1.txt,/home/fengye/slurm/compute_canada_flpoison_CIFAR100.sh_25241134_684.out,/home/fengye/slurm/compute_canada_flpoison_CIFAR100.sh_25241134_684.err,False
CIFAR100,resnet18,non-iid,FangAttack,Mean,FedAvg,200,60,0.05,0.3,0.1,42,0,153,max_epoch_lt_target,time_limit,slurm time limit,/home/fengye/scratch/FL_Poison/logs_from_slurm_split_20260312/FedAvg/CIFAR100_resnet18/non-iid/CIFAR100_resnet18_non-iid_FangAttack_Mean_200_60_0.05_FedAvg_adv0.3_seed42_alpha0.1_cfgFedAvg_CIFAR100_config_exp0.txt,/home/fengye/slurm/compute_canada_flpoison_CIFAR100.sh_25241134_354.out,/home/fengye/slurm/compute_canada_flpoison_CIFAR100.sh_25241134_354.err,False
CIFAR100,resnet18,non-iid,FangAttack,Mean,FedAvg,200,60,0.05,0.3,0.5,42,0,122,max_epoch_lt_target,time_limit,slurm time limit,/home/fengye/scratch/FL_Poison/logs_from_slurm_split_20260312/FedAvg/CIFAR100_resnet18/non-iid/CIFAR100_resnet18_non-iid_FangAttack_Mean_200_60_0.05_FedAvg_adv0.3_seed42_alpha0.5_cfgFedAvg_CIFAR100_config_exp0.txt,/home/fengye/slurm/compute_canada_flpoison_CIFAR100.sh_25241134_534.out,/home/fengye/slurm/compute_canada_flpoison_CIFAR100.sh_25241134_534.err,False
CIFAR100,resnet18,non-iid,FangAttack,Mean,FedAvg,200,60,0.05,0.3,1,42,0,137,max_epoch_lt_target,time_limit,slurm time limit,/home/fengye/scratch/FL_Poison/logs_from_slurm_split_20260312/FedAvg/CIFAR100_resnet18/non-iid/CIFAR100_resnet18_non-iid_FangAttack_Mean_200_60_0.05_FedAvg_adv0.3_seed42_alpha1_cfgFedAvg_CIFAR100_config_exp0.txt,/home/fengye/slurm/compute_canada_flpoison_CIFAR100.sh_25241134_714.out,/home/fengye/slurm/compute_canada_flpoison_CIFAR100.sh_25241134_714.err,False
CIFAR100,resnet18,non-iid,FangAttack,MultiKrum,FedAvg,200,60,0.05,0.2,0.1,43,1,148,max_epoch_lt_target,time_limit,slurm time limit,/home/fengye/scratch/FL_Poison/logs_from_slurm_split_20260312/FedAvg/CIFAR100_resnet18/non-iid/CIFAR100_resnet18_non-iid_FangAttack_MultiKrum_200_60_0.05_FedAvg_adv0.2_seed43_alpha0.1_cfgFedAvg_CIFAR100_config_exp1.txt,/home/fengye/slurm/compute_canada_flpoison_CIFAR100.sh_25241134_328.out,/home/fengye/slurm/compute_canada_flpoison_CIFAR100.sh_25241134_328.err,False
CIFAR100,resnet18,non-iid,FangAttack,MultiKrum,FedAvg,200,60,0.05,0.2,0.5,43,1,130,max_epoch_lt_target,time_limit,slurm time limit,/home/fengye/scratch/FL_Poison/logs_from_slurm_split_20260312/FedAvg/CIFAR100_resnet18/non-iid/CIFAR100_resnet18_non-iid_FangAttack_MultiKrum_200_60_0.05_FedAvg_adv0.2_seed43_alpha0.5_cfgFedAvg_CIFAR100_config_exp1.txt,/home/fengye/slurm/compute_canada_flpoison_CIFAR100.sh_25241134_508.out,/home/fengye/slurm/compute_canada_flpoison_CIFAR100.sh_25241134_508.err,False
CIFAR100,resnet18,non-iid,FangAttack,MultiKrum,FedAvg,200,60,0.05,0.2,1,43,1,129,max_epoch_lt_target,time_limit,slurm time limit,/home/fengye/scratch/FL_Poison/logs_from_slurm_split_20260312/FedAvg/CIFAR100_resnet18/non-iid/CIFAR100_resnet18_non-iid_FangAttack_MultiKrum_200_60_0.05_FedAvg_adv0.2_seed43_alpha1_cfgFedAvg_CIFAR100_config_exp1.txt,/home/fengye/slurm/compute_canada_flpoison_CIFAR100.sh_25241134_688.out,/home/fengye/slurm/compute_canada_flpoison_CIFAR100.sh_25241134_688.err,False
CIFAR100,resnet18,non-iid,FangAttack,MultiKrum,FedAvg,200,60,0.05,0.3,0.1,42,0,132,max_epoch_lt_target,time_limit,slurm time limit,/home/fengye/scratch/FL_Poison/logs_from_slurm_split_20260312/FedAvg/CIFAR100_resnet18/non-iid/CIFAR100_resnet18_non-iid_FangAttack_MultiKrum_200_60_0.05_FedAvg_adv0.3_seed42_alpha0.1_cfgFedAvg_CIFAR100_config_exp0.txt,/home/fengye/slurm/compute_canada_flpoison_CIFAR100.sh_25241134_358.out,/home/fengye/slurm/compute_canada_flpoison_CIFAR100.sh_25241134_358.err,False
CIFAR100,resnet18,non-iid,FangAttack,MultiKrum,FedAvg,200,60,0.05,0.3,0.5,42,0,121,max_epoch_lt_target,time_limit,slurm time limit,/home/fengye/scratch/FL_Poison/logs_from_slurm_split_20260312/FedAvg/CIFAR100_resnet18/non-iid/CIFAR100_resnet18_non-iid_FangAttack_MultiKrum_200_60_0.05_FedAvg_adv0.3_seed42_alpha0.5_cfgFedAvg_CIFAR100_config_exp0.txt,/home/fengye/slurm/compute_canada_flpoison_CIFAR100.sh_25241134_538.out,/home/fengye/slurm/compute_canada_flpoison_CIFAR100.sh_25241134_538.err,False
CIFAR100,resnet18,non-iid,FangAttack,MultiKrum,FedAvg,200,60,0.05,0.3,1,42,0,112,max_epoch_lt_target,time_limit,slurm time limit,/home/fengye/scratch/FL_Poison/logs_from_slurm_split_20260312/FedAvg/CIFAR100_resnet18/non-iid/CIFAR100_resnet18_non-iid_FangAttack_MultiKrum_200_60_0.05_FedAvg_adv0.3_seed42_alpha1_cfgFedAvg_CIFAR100_config_exp0.txt,/home/fengye/slurm/compute_canada_flpoison_CIFAR100.sh_25241134_718.out,/home/fengye/slurm/compute_canada_flpoison_CIFAR100.sh_25241134_718.err,False
CIFAR100,resnet18,non-iid,FangAttack,NormClipping,FedAvg,200,60,0.05,0.2,0.1,44,2,53,max_epoch_lt_target,time_limit,slurm time limit,/home/fengye/scratch/FL_Poison/logs_from_slurm_split_20260312/FedAvg/CIFAR100_resnet18/non-iid/CIFAR100_resnet18_non-iid_FangAttack_NormClipping_200_60_0.05_FedAvg_adv0.2_seed44_alpha0.1_cfgFedAvg_CIFAR100_config_exp2.txt,/home/fengye/slurm/compute_canada_flpoison_CIFAR100.sh_25241134_329.out,/home/fengye/slurm/compute_canada_flpoison_CIFAR100.sh_25241134_329.err,False
CIFAR100,resnet18,non-iid,FangAttack,NormClipping,FedAvg,200,60,0.05,0.2,0.5,43,1,176,max_epoch_lt_target,time_limit,slurm time limit,/home/fengye/scratch/FL_Poison/logs_from_slurm_split_20260312/FedAvg/CIFAR100_resnet18/non-iid/CIFAR100_resnet18_non-iid_FangAttack_NormClipping_200_60_0.05_FedAvg_adv0.2_seed43_alpha0.5_cfgFedAvg_CIFAR100_config_exp1.txt,/home/fengye/slurm/compute_canada_flpoison_CIFAR100.sh_25241134_509.out,/home/fengye/slurm/compute_canada_flpoison_CIFAR100.sh_25241134_509.err,False
CIFAR100,resnet18,non-iid,FangAttack,NormClipping,FedAvg,200,60,0.05,0.2,1,43,1,153,max_epoch_lt_target,time_limit,slurm time limit,/home/fengye/scratch/FL_Poison/logs_from_slurm_split_20260312/FedAvg/CIFAR100_resnet18/non-iid/CIFAR100_resnet18_non-iid_FangAttack_NormClipping_200_60_0.05_FedAvg_adv0.2_seed43_alpha1_cfgFedAvg_CIFAR100_config_exp1.txt,/home/fengye/slurm/compute_canada_flpoison_CIFAR100.sh_25241134_689.out,/home/fengye/slurm/compute_canada_flpoison_CIFAR100.sh_25241134_689.err,False
CIFAR100,resnet18,non-iid,FangAttack,NormClipping,FedAvg,200,60,0.05,0.3,0.1,42,0,169,max_epoch_lt_target,time_limit,slurm time limit,/home/fengye/scratch/FL_Poison/logs_from_slurm_split_20260312/FedAvg/CIFAR100_resnet18/non-iid/CIFAR100_resnet18_non-iid_FangAttack_NormClipping_200_60_0.05_FedAvg_adv0.3_seed42_alpha0.1_cfgFedAvg_CIFAR100_config_exp0.txt,/home/fengye/slurm/compute_canada_flpoison_CIFAR100.sh_25241134_359.out,/home/fengye/slurm/compute_canada_flpoison_CIFAR100.sh_25241134_359.err,False
CIFAR100,resnet18,non-iid,FangAttack,NormClipping,FedAvg,200,60,0.05,0.3,0.5,42,0,154,max_epoch_lt_target,time_limit,slurm time limit,/home/fengye/scratch/FL_Poison/logs_from_slurm_split_20260312/FedAvg/CIFAR100_resnet18/non-iid/CIFAR100_resnet18_non-iid_FangAttack_NormClipping_200_60_0.05_FedAvg_adv0.3_seed42_alpha0.5_cfgFedAvg_CIFAR100_config_exp0.txt,/home/fengye/slurm/compute_canada_flpoison_CIFAR100.sh_25241134_539.out,/home/fengye/slurm/compute_canada_flpoison_CIFAR100.sh_25241134_539.err,False
CIFAR100,resnet18,non-iid,FangAttack,NormClipping,FedAvg,200,60,0.05,0.3,1,42,0,152,max_epoch_lt_target,time_limit,slurm time limit,/home/fengye/scratch/FL_Poison/logs_from_slurm_split_20260312/FedAvg/CIFAR100_resnet18/non-iid/CIFAR100_resnet18_non-iid_FangAttack_NormClipping_200_60_0.05_FedAvg_adv0.3_seed42_alpha1_cfgFedAvg_CIFAR100_config_exp0.txt,/home/fengye/slurm/compute_canada_flpoison_CIFAR100.sh_25241134_719.out,/home/fengye/slurm/compute_canada_flpoison_CIFAR100.sh_25241134_719.err,False
CIFAR100,resnet18,non-iid,FangAttack,TriGuardFL,FedAvg,200,60,0.05,0.2,0.1,43,1,176,max_epoch_lt_target,time_limit,slurm time limit,/home/fengye/scratch/FL_Poison/logs_from_slurm_split_20260312/FedAvg/CIFAR100_resnet18/non-iid/CIFAR100_resnet18_non-iid_FangAttack_TriGuardFL_200_60_0.05_FedAvg_adv0.2_seed43_alpha0.1_cfgFedAvg_CIFAR100_config_exp1.txt,/home/fengye/slurm/compute_canada_flpoison_CIFAR100.sh_25241134_325.out,/home/fengye/slurm/compute_canada_flpoison_CIFAR100.sh_25241134_325.err,False
CIFAR100,resnet18,non-iid,FangAttack,TriGuardFL,FedAvg,200,60,0.05,0.2,0.5,43,1,142,max_epoch_lt_target,time_limit,slurm time limit,/home/fengye/scratch/FL_Poison/logs_from_slurm_split_20260312/FedAvg/CIFAR100_resnet18/non-iid/CIFAR100_resnet18_non-iid_FangAttack_TriGuardFL_200_60_0.05_FedAvg_adv0.2_seed43_alpha0.5_cfgFedAvg_CIFAR100_config_exp1.txt,/home/fengye/slurm/compute_canada_flpoison_CIFAR100.sh_25241134_505.out,/home/fengye/slurm/compute_canada_flpoison_CIFAR100.sh_25241134_505.err,False
CIFAR100,resnet18,non-iid,FangAttack,TriGuardFL,FedAvg,200,60,0.05,0.2,1,43,1,115,max_epoch_lt_target,time_limit,slurm time limit,/home/fengye/scratch/FL_Poison/logs_from_slurm_split_20260312/FedAvg/CIFAR100_resnet18/non-iid/CIFAR100_resnet18_non-iid_FangAttack_TriGuardFL_200_60_0.05_FedAvg_adv0.2_seed43_alpha1_cfgFedAvg_CIFAR100_config_exp1.txt,/home/fengye/slurm/compute_canada_flpoison_CIFAR100.sh_25241134_685.out,/home/fengye/slurm/compute_canada_flpoison_CIFAR100.sh_25241134_685.err,False
CIFAR100,resnet18,non-iid,FangAttack,TriGuardFL,FedAvg,200,60,0.05,0.3,0.1,42,0,112,max_epoch_lt_target,time_limit,slurm time limit,/home/fengye/scratch/FL_Poison/logs_from_slurm_split_20260312/FedAvg/CIFAR100_resnet18/non-iid/CIFAR100_resnet18_non-iid_FangAttack_TriGuardFL_200_60_0.05_FedAvg_adv0.3_seed42_alpha0.1_cfgFedAvg_CIFAR100_config_exp0.txt,/home/fengye/slurm/compute_canada_flpoison_CIFAR100.sh_25241134_355.out,/home/fengye/slurm/compute_canada_flpoison_CIFAR100.sh_25241134_355.err,False
CIFAR100,resnet18,non-iid,FangAttack,TriGuardFL,FedAvg,200,60,0.05,0.3,0.5,42,0,124,max_epoch_lt_target,time_limit,slurm time limit,/home/fengye/scratch/FL_Poison/logs_from_slurm_split_20260312/FedAvg/CIFAR100_resnet18/non-iid/CIFAR100_resnet18_non-iid_FangAttack_TriGuardFL_200_60_0.05_FedAvg_adv0.3_seed42_alpha0.5_cfgFedAvg_CIFAR100_config_exp0.txt,/home/fengye/slurm/compute_canada_flpoison_CIFAR100.sh_25241134_535.out,/home/fengye/slurm/compute_canada_flpoison_CIFAR100.sh_25241134_535.err,False
CIFAR100,resnet18,non-iid,FangAttack,TriGuardFL,FedAvg,200,60,0.05,0.3,1,42,0,113,max_epoch_lt_target,time_limit,slurm time limit,/home/fengye/scratch/FL_Poison/logs_from_slurm_split_20260312/FedAvg/CIFAR100_resnet18/non-iid/CIFAR100_resnet18_non-iid_FangAttack_TriGuardFL_200_60_0.05_FedAvg_adv0.3_seed42_alpha1_cfgFedAvg_CIFAR100_config_exp0.txt,/home/fengye/slurm/compute_canada_flpoison_CIFAR100.sh_25241134_715.out,/home/fengye/slurm/compute_canada_flpoison_CIFAR100.sh_25241134_715.err,False
CIFAR100,resnet18,non-iid,MinMax,FLDetector,FedAvg,200,60,0.05,0.1,1,46,4,69,max_epoch_lt_target,time_limit,slurm time limit,/home/fengye/scratch/FL_Poison/logs_from_slurm_split_20260312/FedAvg/CIFAR100_resnet18/non-iid/CIFAR100_resnet18_non-iid_MinMax_FLDetector_200_60_0.05_FedAvg_adv0.1_seed46_alpha1_cfgFedAvg_CIFAR100_config_exp4.txt,/home/fengye/slurm/compute_canada_flpoison_CIFAR100.sh_25241134_638.out,/home/fengye/slurm/compute_canada_flpoison_CIFAR100.sh_25241134_638.err,False
CIFAR100,resnet18,non-iid,MinMax,MultiKrum,FedAvg,200,60,0.05,0.1,0.5,46,4,197,max_epoch_lt_target,time_limit,slurm time limit,/home/fengye/scratch/FL_Poison/logs_from_slurm_split_20260312/FedAvg/CIFAR100_resnet18/non-iid/CIFAR100_resnet18_non-iid_MinMax_MultiKrum_200_60_0.05_FedAvg_adv0.1_seed46_alpha0.5_cfgFedAvg_CIFAR100_config_exp4.txt,/home/fengye/slurm/compute_canada_flpoison_CIFAR100.sh_25241134_460.out,/home/fengye/slurm/compute_canada_flpoison_CIFAR100.sh_25241134_460.err,False
CIFAR100,resnet18,non-iid,MinMax,MultiKrum,FedAvg,200,60,0.05,0.1,1,46,4,142,max_epoch_lt_target,time_limit,slurm time limit,/home/fengye/scratch/FL_Poison/logs_from_slurm_split_20260312/FedAvg/CIFAR100_resnet18/non-iid/CIFAR100_resnet18_non-iid_MinMax_MultiKrum_200_60_0.05_FedAvg_adv0.1_seed46_alpha1_cfgFedAvg_CIFAR100_config_exp4.txt,/home/fengye/slurm/compute_canada_flpoison_CIFAR100.sh_25241134_640.out,/home/fengye/slurm/compute_canada_flpoison_CIFAR100.sh_25241134_640.err,False
CIFAR100,resnet18,non-iid,MinMax,NormClipping,FedAvg,200,60,0.05,0.2,1,45,3,133,max_epoch_lt_target,time_limit,slurm time limit,/home/fengye/scratch/FL_Poison/logs_from_slurm_split_20260312/FedAvg/CIFAR100_resnet18/non-iid/CIFAR100_resnet18_non-iid_MinMax_NormClipping_200_60_0.05_FedAvg_adv0.2_seed45_alpha1_cfgFedAvg_CIFAR100_config_exp3.txt,/home/fengye/slurm/compute_canada_flpoison_CIFAR100.sh_25241134_671.out,/home/fengye/slurm/compute_canada_flpoison_CIFAR100.sh_25241134_671.err,False
CIFAR100,resnet18,non-iid,MinSum,FLDetector,FedAvg,200,60,0.05,0.1,1,46,4,133,max_epoch_lt_target,time_limit,slurm time limit,/home/fengye/scratch/FL_Poison/logs_from_slurm_split_20260312/FedAvg/CIFAR100_resnet18/non-iid/CIFAR100_resnet18_non-iid_MinSum_FLDetector_200_60_0.05_FedAvg_adv0.1_seed46_alpha1_cfgFedAvg_CIFAR100_config_exp4.txt,/home/fengye/slurm/compute_canada_flpoison_CIFAR100.sh_25241134_644.out,/home/fengye/slurm/compute_canada_flpoison_CIFAR100.sh_25241134_644.err,False
CIFAR100,resnet18,non-iid,MinSum,MultiKrum,FedAvg,200,60,0.05,0.1,1,46,4,166,max_epoch_lt_target,time_limit,slurm time limit,/home/fengye/scratch/FL_Poison/logs_from_slurm_split_20260312/FedAvg/CIFAR100_resnet18/non-iid/CIFAR100_resnet18_non-iid_MinSum_MultiKrum_200_60_0.05_FedAvg_adv0.1_seed46_alpha1_cfgFedAvg_CIFAR100_config_exp4.txt,/home/fengye/slurm/compute_canada_flpoison_CIFAR100.sh_25241134_646.out,/home/fengye/slurm/compute_canada_flpoison_CIFAR100.sh_25241134_646.err,False
CIFAR100,resnet18,non-iid,MinSum,NormClipping,FedAvg,200,60,0.05,0.1,0.5,46,4,196,max_epoch_lt_target,time_limit,slurm time limit,/home/fengye/scratch/FL_Poison/logs_from_slurm_split_20260312/FedAvg/CIFAR100_resnet18/non-iid/CIFAR100_resnet18_non-iid_MinSum_NormClipping_200_60_0.05_FedAvg_adv0.1_seed46_alpha0.5_cfgFedAvg_CIFAR100_config_exp4.txt,/home/fengye/slurm/compute_canada_flpoison_CIFAR100.sh_25241134_467.out,/home/fengye/slurm/compute_canada_flpoison_CIFAR100.sh_25241134_467.err,False
CIFAR100,resnet18,non-iid,MinSum,NormClipping,FedAvg,200,60,0.05,0.1,1,46,4,187,max_epoch_lt_target,time_limit,slurm time limit,/home/fengye/scratch/FL_Poison/logs_from_slurm_split_20260312/FedAvg/CIFAR100_resnet18/non-iid/CIFAR100_resnet18_non-iid_MinSum_NormClipping_200_60_0.05_FedAvg_adv0.1_seed46_alpha1_cfgFedAvg_CIFAR100_config_exp4.txt,/home/fengye/slurm/compute_canada_flpoison_CIFAR100.sh_25241134_647.out,/home/fengye/slurm/compute_canada_flpoison_CIFAR100.sh_25241134_647.err,False
CIFAR100,resnet18,non-iid,MinSum,NormClipping,FedAvg,200,60,0.05,0.2,0.1,46,4,173,max_epoch_lt_target,time_limit,slurm time limit,/home/fengye/scratch/FL_Poison/logs_from_slurm_split_20260312/FedAvg/CIFAR100_resnet18/non-iid/CIFAR100_resnet18_non-iid_MinSum_NormClipping_200_60_0.05_FedAvg_adv0.2_seed46_alpha0.1_cfgFedAvg_CIFAR100_config_exp4.txt,/home/fengye/slurm/compute_canada_flpoison_CIFAR100.sh_25241134_317.out,/home/fengye/slurm/compute_canada_flpoison_CIFAR100.sh_25241134_317.err,False
CIFAR100,resnet18,non-iid,MinSum,NormClipping,FedAvg,200,60,0.05,0.3,0.1,45,3,71,max_epoch_lt_target,bus_error,bus error,/home/fengye/scratch/FL_Poison/logs_from_slurm_split_20260312/FedAvg/CIFAR100_resnet18/non-iid/CIFAR100_resnet18_non-iid_MinSum_NormClipping_200_60_0.05_FedAvg_adv0.3_seed45_alpha0.1_cfgFedAvg_CIFAR100_config_exp3.txt,/home/fengye/slurm/compute_canada_flpoison_CIFAR100.sh_25241134_347.out,/home/fengye/slurm/compute_canada_flpoison_CIFAR100.sh_25241134_347.err,False
CIFAR100,resnet18,non-iid,MinSum,TriGuardFL,FedAvg,200,60,0.05,0.1,1,46,4,144,max_epoch_lt_target,time_limit,slurm time limit,/home/fengye/scratch/FL_Poison/logs_from_slurm_split_20260312/FedAvg/CIFAR100_resnet18/non-iid/CIFAR100_resnet18_non-iid_MinSum_TriGuardFL_200_60_0.05_FedAvg_adv0.1_seed46_alpha1_cfgFedAvg_CIFAR100_config_exp4.txt,/home/fengye/slurm/compute_canada_flpoison_CIFAR100.sh_25241134_643.out,/home/fengye/slurm/compute_canada_flpoison_CIFAR100.sh_25241134_643.err,False
